;Australia;Belgium;Canada;Switzerland;Germany;Denmark;Spain;Finland;France;UK;Ireland;Italy;Japan;S. Korea;Luxembourg;Netherlands;Norway;New Zealand;Sweden;US;S. Africa;Colombia;Portugal;;Aggregate - 2005 Fixed Weights;Aggregate - Dynamic Weights
1975:Q1;7.59;15.18;16.24;48.83;51.99;15.93;8.67;13.49;11.1;5.87;3.42;8.19;60.14;8.71;7.49;15.3;13.37;7.39;14.58;17.24;3.56;1.56;3.3;;22.13;22.97
1975:Q2;7.75;15.93;16.46;48.19;52.59;16.4;9.7;13.64;11.5;5.99;3.65;8.06;60.31;9.24;8.19;16.19;13.48;7.43;15.06;17.46;3.63;1.57;3.48;;22.4;23.24
1975:Q3;8.05;16.74;17.17;47.73;53.24;17.2;9.91;13.83;11.91;6.12;3.87;7.97;60.51;9.82;8.87;17.25;13.72;7.53;15.59;17.59;3.64;1.6;3.66;;22.65;23.49
1975:Q4;8.29;17.65;17.42;47.14;53.95;17.3;10.65;14.2;12.39;6.31;4.08;7.91;60.74;10.43;9.53;18.45;14.16;7.68;16.17;17.87;3.72;1.64;3.86;;22.99;23.82
1976:Q1;8.57;18.67;17.66;46.43;54.73;17.91;10.71;14.42;12.89;6.42;4.3;7.88;60.96;11.07;10.16;19.47;14.14;7.83;16.73;18.08;3.79;1.7;4.09;;23.27;24.07
1976:Q2;8.84;19.65;18.19;46.1;55.57;17.88;11.99;14.48;13.34;6.53;4.51;7.89;61.36;11.73;10.78;21.87;14.77;8.02;17.34;18.78;3.88;1.76;4.31;;23.85;24.63
1976:Q3;9.08;20.6;18.19;45.77;56.48;18.3;12.43;14.71;13.79;6.66;4.71;7.93;61.93;12.43;11.37;23.6;15.12;8.1;17.99;19.08;3.88;1.83;4.53;;24.24;25.02
1976:Q4;9.25;21.55;18.07;46.02;57.45;19.16;12.45;14.87;14.33;6.86;4.91;8;62.52;13.15;11.94;25.01;15.72;8.21;18.71;19.32;3.87;1.88;4.77;;24.62;25.41
1977:Q1;9.47;22.5;17.96;45.94;58.49;19.27;12.74;14.93;14.96;6.97;5.04;8.11;63.21;13.74;12.57;27.54;16.03;8.38;19.51;19.98;3.88;1.94;5.06;;25.19;26
1977:Q2;9.67;23.48;18.14;46.26;59.59;20.33;12.14;15.09;15.42;7.08;5.26;8.26;63.91;14.58;13.07;31.85;16.25;8.61;20.21;20.82;3.94;1.99;5.29;;25.86;26.66
1977:Q3;9.88;24.45;18.32;46.6;60.77;21.13;14.1;15.08;15.87;7.2;5.51;8.44;64.64;15.54;13.51;32.55;16.62;8.66;20.89;21.31;3.94;2.03;5.52;;26.43;27.23
1977:Q4;10.02;25.4;19.21;46.63;62.02;22.37;14.05;15.14;16.38;7.4;5.78;8.65;65.41;16.6;13.9;32.69;16.97;8.61;21.6;22.17;3.96;2.08;5.74;;27.11;27.88
1978:Q1;10.22;26.19;19.49;47.01;63.43;23.09;15.35;15.42;16.77;7.7;6.06;8.9;66.16;17.55;14.08;33.09;17.01;8.61;22.22;22.86;4;2.15;5.82;;27.76;28.5
1978:Q2;10.39;26.93;19.94;47.83;64.75;23.88;16.81;15.63;17.21;7.99;6.39;9.18;67.09;18.87;14.42;35.48;16.95;8.71;22.84;23.69;4.02;2.2;6.07;;28.55;29.28
1978:Q3;10.63;27.66;20.4;48.87;66.06;24.58;17.08;15.59;17.68;8.45;6.76;9.56;68.14;20.39;14.76;33.4;17.39;8.79;23.46;24.39;4.1;2.24;6.36;;29.2;29.91
1978:Q4;10.8;28.35;20.62;49.89;67.39;24.96;16.71;15.74;18.27;9.03;7.15;9.77;69.37;22.08;15.1;32.95;17.56;8.87;24.1;25.12;4.25;2.32;6.7;;29.89;30.58
1979:Q1;11.02;29.02;21.05;50.87;68.92;25.44;16.55;16.04;18.71;9.71;7.77;9.7;70.69;24.45;15.43;32.07;17.62;9.01;24.86;26.26;4.34;2.43;7.05;;30.78;31.47
1979:Q2;11.22;29.64;21.88;51.75;70.12;26.44;17.55;16.24;19.34;10.35;8.16;10.04;72.42;26.28;15.78;32.64;17.78;9.18;25.33;27.07;4.49;2.54;7.49;;31.66;32.33
1979:Q3;12.06;30.14;22.86;53.06;71.15;26.91;17.32;16.6;20.06;10.97;8.5;10.67;74.53;28.14;16.13;32.24;17.97;9.29;25.73;27.64;4.68;2.67;7.99;;32.46;33.11
1979:Q4;12.82;30.47;23.9;54.46;71.96;27.07;17.37;17.06;20.99;11.74;8.79;11.33;76.83;29.97;16.49;30.96;18.29;9.37;26.06;28.22;4.85;2.81;8.54;;33.27;33.91
1980:Q1;13.64;30.54;25.03;56.12;72.18;26.56;17.76;17.84;22.49;12.46;8.79;12.07;79.46;31.77;16.98;30.2;18.8;9.55;26.15;28.75;5.04;2.97;9.32;;34.12;34.75
1980:Q2;14.32;30.26;26.4;57.08;73.06;25.47;18.17;18.47;23.34;12.89;9.09;12.91;82.03;33.56;17.29;30.29;19.52;9.91;26.25;29.13;5.38;3.14;9.91;;34.92;35.55
1980:Q3;14.75;29.77;27.67;58.16;74.22;26.05;20.36;19.1;24.09;13.3;9.46;13.61;84.71;35.41;17.55;28.65;20.03;10.24;26.33;29.92;5.88;3.28;10.49;;35.93;36.54
1980:Q4;14.93;29.23;29.8;59.09;75.7;26.2;21.6;19.57;24.88;13.37;9.89;15.08;87.18;37.24;17.77;28.16;20.69;10.54;26.37;30.03;6.43;3.55;11.05;;36.73;37.36
1981:Q1;16.14;28.76;33.58;61.02;77.93;26.06;21.02;20.45;25.57;13.57;10.69;17.62;89.47;40.11;18.01;27.94;21.1;10.95;26.05;30.2;6.98;4.04;11.57;;37.72;38.52
1981:Q2;16.65;28.4;36.82;62.88;79.42;24.85;21.87;21.09;26.1;13.8;11.11;19.09;91.74;41.51;18.1;27.1;21.55;11.96;25.97;30.75;7.58;4.29;12.11;;38.66;39.49
1981:Q3;16.39;28.08;40.76;64.09;80.61;23.96;23.09;21.88;26.53;13.83;11.46;19.8;93.97;42.57;18.11;26.21;21.97;12.86;25.98;31.19;8.18;4.29;12.65;;39.47;40.32
1981:Q4;17.11;27.8;39.23;65.13;81.59;24.59;23.72;22.68;27.03;13.73;11.75;20.64;96.04;43.2;18.03;24.31;22.37;13.87;26.07;30.88;8.68;4.54;13.19;;39.76;40.66
1982:Q1;16.97;27.51;38.53;66.11;82.37;24.33;21.53;24.04;27.31;13.57;11.8;21.4;97.98;41.11;17.56;23.33;23.01;15.01;26.23;30.51;9.03;5.03;13.44;;39.8;41.06
1982:Q2;17.42;27.35;37.83;66.21;82.95;24.37;19.23;24.98;27.61;13.98;12.02;22.06;99.75;41.85;17.46;23.46;23.62;16.36;26.24;31.12;9.33;5.34;14.09;;40.31;41.58
1982:Q3;17.21;27.31;36.2;66.51;83.34;23.84;18.67;25.87;27.89;14.19;12.24;22.73;101.35;43.2;17.4;24.04;24.08;16.73;26.28;30.61;9.59;5.56;14.86;;40.4;41.71
1982:Q4;17.18;27.21;33.96;67.12;83.51;24.59;16.8;27.15;28.32;14.46;12.46;23.04;102.78;45.08;17.38;23.11;24.33;17.05;26.36;32.03;9.86;5.78;15.74;;41.1;42.34
1983:Q1;17.57;27.07;34.2;67.8;83.4;26.68;18.04;28.96;28.8;15.03;12.72;22.85;104.03;50.16;17.41;23.11;25.21;17.25;26.13;32.87;10.43;5.97;17.01;;41.89;43.11
1983:Q2;18.21;26.93;34.6;68.68;83.25;29.75;17.36;30.12;29.06;15.44;12.92;23.05;105.16;52.02;17.49;24.26;25.4;17.66;26.15;33.18;11.08;6.13;18.01;;42.32;43.51
1983:Q3;18.2;26.84;35.23;69.96;82.97;30.22;16.35;31.37;29.29;15.98;13.1;23.51;106.13;53.46;17.62;24.66;25.48;18.1;26.27;33.47;11.63;6.24;19.01;;42.66;43.85
1983:Q4;18.76;26.84;35.13;71.04;82.54;31.38;15.47;32.64;29.67;16.27;13.27;23.87;107.06;54.35;17.81;23.6;25.48;18.64;26.56;33.76;12.3;6.37;20.02;;42.94;44.11
1984:Q1;19.57;26.94;34.69;72.17;81.8;33.11;16.8;33.72;30.03;16.5;13.46;24.21;107.91;53.76;18.15;23.46;26.73;19.25;26.94;34.29;12.58;6.5;20.97;;43.32;44.5
1984:Q2;20.13;27.07;35.51;73.09;81.24;33.54;17.45;34.21;30.22;16.89;13.58;24.54;108.74;54;18.39;23.73;27.93;19.99;27.15;34.64;12.55;6.63;22;;43.67;44.84
1984:Q3;21.07;27.18;35.46;73.7;80.71;33.91;19.53;34.76;30.39;17.42;13.67;24.9;109.56;54.23;18.64;24.22;29.73;20.55;27.4;34.96;12.4;6.75;23.05;;44.06;45.21
1984:Q4;20.91;27.25;34.55;74.33;80.15;35.71;19.64;35.19;30.73;17.71;13.73;25.09;110.29;54.32;18.9;23.55;31.48;21.06;27.78;35.33;12.04;6.89;24.13;;44.3;45.43
1985:Q1;22.04;27.34;34.47;75.68;79.4;37.06;20.15;35.89;30.99;17.97;13.63;25.04;110.94;54.33;19;23.29;32.64;21.75;27.9;35.86;11.69;7.05;25.59;;44.62;45.91
1985:Q2;22.24;27.52;35.34;76.21;78.97;38.44;20.26;36.53;31.19;18.53;13.68;25.24;111.58;54.19;19.34;23.99;33.15;22.71;28.14;36.28;11.47;7.2;26.57;;44.97;46.25
1985:Q3;22.63;27.78;35.76;77.13;78.72;41.29;20.16;36.94;31.38;18.68;13.75;25.63;112.16;54.03;19.75;24.04;35.42;23.58;28.44;36.84;11.3;7.32;27.42;;45.36;46.64
1985:Q4;23.18;28.05;36.58;78.24;78.64;42.64;21.98;37.68;31.81;19.52;13.84;25.99;112.76;53.76;20.23;23.77;38.65;24.25;28.96;37.35;11.27;7.46;28.16;;45.88;47.16
1986:Q1;23.54;28.36;37.34;79.9;78.98;44.96;22.13;38.54;32.22;20.16;14.11;26.38;113.31;52.4;21.03;24.08;42.6;24.69;28.98;38.11;11.15;7.62;28.46;;46.4;47.75
1986:Q2;24.4;28.77;38.78;80.5;78.97;44.69;18.28;38.68;32.55;20.9;14.18;26.79;114.01;51.78;21.55;24.79;44.92;25.17;29.45;38.78;10.95;7.79;29.08;;46.77;48.14
1986:Q3;24.62;29.27;40.11;81.58;78.84;43.74;17.03;39.14;32.9;21.54;14.21;27.33;114.62;51.43;22.05;25.59;47.31;25.72;30.17;39.37;10.88;7.97;29.72;;47.19;48.57
1986:Q4;24.81;29.76;41.65;82.77;78.57;44.61;16.56;40.04;33.53;22.25;14.19;27.61;115.89;51.11;22.51;25.15;48.53;26.18;31.2;40.08;10.95;8.18;30.37;;47.75;49.15
1987:Q1;25.12;30.18;43.37;84.29;77.86;41.62;17;40.75;34.15;23.26;13.8;27.5;117.36;50.82;22.56;25.37;47.55;27.61;32.35;40.9;11.34;8.42;30.87;;48.36;49.79
1987:Q2;25.37;30.54;46.4;86.08;77.72;41.26;18.1;41.07;34.72;24.19;13.83;27.9;120.09;50.83;23.12;26.26;50.64;29.14;33.11;41.41;11.81;8.64;31.61;;49.2;50.67
1987:Q3;25.88;30.91;48.4;87.93;77.84;41.04;19.06;42.34;35.34;24.93;13.96;28.7;124.93;51.68;23.8;26.52;50.06;30.55;34.04;41.88;12.24;8.82;32.41;;50.28;51.82
1987:Q4;27.04;31.35;49.22;90.05;78.2;40.91;20.27;44.26;36.32;26.6;14.18;29.5;127.43;54.26;24.61;26.17;50.69;31.87;35.71;42.25;12.81;9.14;33.29;;51.2;52.75
1988:Q1;28.33;31.93;49.33;93.57;78.95;41.51;21.65;45.85;37.49;28.19;14.73;30.62;128.06;56.63;25.59;26.04;52.12;32.71;37.29;42.95;13.28;9.61;34.28;;52.1;53.87
1988:Q2;29.84;32.63;51.59;97.3;79.57;41.02;22.85;48.7;38.38;29.68;15.05;31.21;129.36;59.65;26.62;27.37;51.25;33.84;38.86;43.67;13.56;10.27;35.6;;53.13;54.87
1988:Q3;32.74;33.4;54.14;101.41;80.24;41.89;23.72;51.65;39.28;32.97;15.36;30.38;130.5;61.76;27.75;28.03;51.6;34.05;41;44.12;14.07;11.02;37.27;;54.08;55.8
1988:Q4;35.96;34.29;55.58;106.32;81.01;42.51;24.82;56.38;40.53;35.48;15.66;32.57;132.26;61.82;28.99;27.63;51.47;34.15;42.6;44.63;14.56;11.83;39.18;;55.2;56.98
1989:Q1;38.94;35.38;57.9;109.49;82.13;42;26.78;59.39;42.15;36.6;15.79;38.31;134.43;64.38;30.71;27.81;50.77;34.94;44.85;45.2;15.01;12.7;40.62;;56.68;58.73
1989:Q2;39.6;36.54;62.69;112.04;82.83;41.74;28.16;62.92;43.13;37.7;16.17;41.04;137.13;69.35;32;29.1;48.94;35.46;46.93;45.67;15.71;13.59;41.72;;58.04;60.09
1989:Q3;39.73;37.7;62.27;113.63;83.35;41.04;29.48;64.5;44;38.32;16.62;41.14;140.01;69.58;33.25;29.94;46.95;36.12;48.48;46.64;16.27;14.48;44.56;;59.02;61.11
1989:Q4;39.72;38.85;62.85;114.65;83.64;40.78;30.29;64.68;45.18;38.05;17.13;43.59;144.34;70.39;34.44;29.54;46.52;36.65;49.48;47.13;16.62;15.39;45.91;;60.08;62.26
1990:Q1;40.06;39.87;64.55;114.26;83.35;38.78;32.28;64.6;46.42;37.68;18.18;48.36;150.38;74.34;35.73;29.1;46.1;37.37;51.89;47.44;17.34;16.32;47.22;;61.52;64.26
1990:Q2;40.29;40.63;65.98;112.99;83.7;38.69;32.83;65.25;47.13;37.16;18.65;50.64;155.81;79.68;36.77;30.43;45.44;37.91;52.92;47.49;18.13;17.24;48.72;;62.67;65.48
1990:Q3;40.15;41.26;63.06;111.93;84.33;37.84;33.48;63.78;47.69;37.05;19.01;50.69;162.03;81.49;37.72;29.94;44.59;38.19;53.65;47.78;18.56;18.17;50.57;;63.58;66.51
1990:Q4;40.14;41.84;61.17;110.8;85.19;37.82;34.05;62.65;48.59;36.99;19.26;52.3;165.76;85.01;38.57;29.23;43.01;38.04;53.7;47.7;18.93;19.09;52.28;;64.28;67.28
1991:Q1;40.2;42.34;59.11;110.21;86.52;38.53;35.98;61.13;49.79;36.93;19.13;55.13;167.57;87.33;38.88;29.23;42.72;37.81;56.88;48.15;19.52;20.02;55.89;;65.16;68.85
1991:Q2;40.71;42.88;58.99;110.5;87.58;38.69;37.41;59.03;49.99;36.61;19.25;56.76;168.47;90.39;39.69;30.38;41.87;37.28;56.53;48.31;20.34;20.99;58.58;;65.74;69.44
1991:Q3;41.97;43.6;61.28;110.93;88.59;38.7;38.29;56.3;49.9;36.68;19.36;57.39;168;89.3;40.58;30.91;41.29;37.23;56.53;48.4;21.13;21.95;60.4;;66.03;69.73
1991:Q4;41.81;44.49;61.32;109.84;89.59;39.17;39.95;54.8;50.04;36.84;19.46;58.57;166.97;86.65;41.54;31.18;41.73;36.98;56.76;49.19;21.75;22.94;62.44;;66.4;70.1
1992:Q1;41.59;45.42;60.4;108.33;90.59;38.72;38.15;52.08;49.34;36.38;19.52;60.21;164.86;84.62;43.49;32.07;41.54;37.08;53.89;49.62;21.84;23.97;65.16;;66.26;69.84
1992:Q2;41.69;46.25;60.64;106.89;91.59;38.38;37.28;49.83;48.88;35.52;19.61;61.14;162.92;82.96;44.23;31.8;41.03;37.24;52.55;49.45;21.45;25.04;67.46;;65.96;69.55
1992:Q3;41.83;46.91;60.16;104.68;92.59;37.73;37.17;47.63;48.38;34.87;19.71;61.47;160.78;81.68;44.67;34.24;41.67;37.49;50.82;50.01;21.29;26.19;67.19;;65.93;69.48
1992:Q4;42.09;47.49;60.07;103.17;93.6;36.99;36.99;46.49;48.39;34.14;19.81;61.91;158.74;81.42;44.82;33.8;41.19;38.01;48.07;50.38;21.81;27.48;67.01;;65.88;69.39
1993:Q1;42.57;48.18;60.65;101.97;94.6;36.51;36.67;44.59;48.45;34.54;19.85;62.51;156.58;81.03;43.72;33.97;39.41;38.25;45.85;50.45;22.16;29;67.13;;65.84;69
1993:Q2;42.8;49.04;60.63;101.02;95.6;36.03;37.22;44.16;48.11;34.6;19.98;62.35;154.95;80.25;43.66;35.22;40.82;38.64;45.48;50.77;22.35;30.79;67.79;;65.95;69.07
1993:Q3;43.09;49.98;61.25;99.54;96.61;37.88;37.52;44.43;47.73;34.69;20.16;61.34;153.8;79.22;43.68;36.72;42.72;39.29;45.12;51.17;22.85;32.85;67.61;;66.1;69.18
1993:Q4;43.35;50.98;61.17;99.31;97.65;40.31;37.57;44.51;47.9;34.7;20.36;60.74;152.66;78.77;43.79;36.9;43.75;40.21;46.21;51.71;23.32;35.17;67.67;;66.35;69.4
1994:Q1;43.69;51.95;60.73;99.99;98.87;42.5;37.22;45.39;48.29;35.28;20.62;60.22;151.63;78.7;44.31;37.83;44.65;41.5;46.94;52.08;23.94;37.72;68.45;;66.59;69.33
1994:Q2;44.34;52.86;61.45;100.27;99.78;42.13;37.35;45.5;48.04;35.67;20.88;59.83;150.83;78.49;44.46;38.76;44.5;43.05;47.8;52.23;24.86;40.47;68.56;;66.76;69.48
1994:Q3;45.19;53.61;61.82;99.91;100.54;41.81;37.79;45.06;47.67;35.59;21.16;59.44;150.32;78.46;44.57;40.8;46.8;44.51;48.21;52.44;25.57;43.42;69.28;;66.98;69.68
1994:Q4;44.74;54.23;62.34;98.92;101.17;42.52;37.68;44.4;47.83;35.79;21.47;59.5;149.75;78.52;44.65;39.74;48.11;45.77;48.06;52.52;26.01;46.5;70.06;;67.08;69.78
1995:Q1;45.22;54.85;62.1;97.97;101.67;43.45;38.3;43.81;47.81;35.84;21.54;60.16;149.27;78.51;44.14;39.78;48.47;46.18;48.01;52.84;26.55;49.64;70.15;;67.32;69.94
1995:Q2;44.89;55.5;61.09;96.94;102.04;44.8;38.58;43.91;47.53;36.03;22.01;60.35;148.67;78.42;44.35;40.38;49.19;46.84;48.31;53.54;27.02;52.8;70;;67.61;70.2
1995:Q3;45.19;56.13;60.58;95.62;102.29;46.06;38.69;43.17;47.21;35.76;22.6;60.37;147.98;78.34;44.73;41.25;50.73;48.08;47.68;54.35;27.14;55.83;70.09;;67.89;70.45
1995:Q4;44.88;56.6;60.53;94.05;102.42;47.58;39.63;43.09;47.52;35.79;23.32;60.14;147.29;78.33;45.29;41.85;50.86;50.22;47.54;54.91;27.27;58.62;70.36;;68.14;70.67
1996:Q1;44.81;56.86;60.14;92.6;102.42;48.35;39.15;43.69;47.99;36.58;24.22;59.64;146.52;78.7;46.67;42.9;51.74;52.66;47.76;55.57;27.64;61.12;70.66;;68.42;70.85
1996:Q2;45.31;57.07;59.91;91.67;102.29;49.03;39.26;44.66;48.34;36.39;25.18;59.02;145.82;78.8;47.33;44.24;52.44;53.78;47.8;55.49;27.88;63.28;71.25;;68.37;70.79
1996:Q3;45.61;57.25;59.66;90.86;102.03;50.61;39.14;45.12;48.91;37.18;26.25;58.22;145.12;78.97;47.92;45.66;54.34;53.69;48.43;55.72;28.03;65.13;71.4;;68.47;70.86
1996:Q4;45.58;57.48;59.33;89.53;101.6;53.12;39.7;46.27;48.98;38.33;27.43;57.29;144.55;79.46;48.42;46.76;55.95;54.99;49.11;56.29;28.32;66.85;71.85;;68.73;71.07
1997:Q1;46.06;57.75;59.89;88.61;100.77;54.52;39.43;47.98;47.42;39.17;28.29;55.9;144.14;81.03;48.64;48;55.58;56.11;49.88;56.81;28.66;68.63;72.54;;68.84;70.78
1997:Q2;46.57;58.39;60.66;88.1;100.27;55.45;40.84;49.94;48.58;39.82;29.86;55.34;143.67;81.45;49.07;49.37;58.12;56.88;51.18;57.1;29.51;70.63;73.32;;69.18;71.08
1997:Q3;47.57;59.24;63.27;87.93;99.88;57.05;41.11;51.64;48.66;41.11;31.7;55.45;143.22;81.49;49.51;50.75;59.56;57.19;52.02;57.87;31.02;72.79;74.45;;69.73;71.6
1997:Q4;48.36;60.09;63.51;87.63;99.55;57.87;40.23;52.86;48.75;41.41;33.81;55.61;142.72;81.42;49.94;51.94;60.54;57.82;52.8;58.76;32.67;74.96;75.2;;70.12;71.96
1998:Q1;49.69;61.01;64.09;87.54;99.19;58.94;40.84;54.62;48.25;42.87;37.04;56.13;142.21;79.14;50.15;52.91;60.98;57.15;54.36;59.7;33.72;76.84;75.5;;70.58;71.88
1998:Q2;50.61;62.02;64.14;87.36;99.05;60.61;42.88;56.11;49.17;44.69;39.38;56.41;141.61;73.45;50.69;54.33;63.1;55.79;55.61;60.04;34.38;78.18;76.49;;70.85;72.17
1998:Q3;50.78;63.19;64.22;87.1;99.05;61.77;43.99;57.22;49.91;45.96;41.66;56.37;141.04;71.78;51.32;56.12;64.07;54.84;56.92;60.87;35.27;78.85;77.65;;71.33;72.64
1998:Q4;51.57;64.45;64.15;86.83;99.21;63.08;43.34;57.95;50.05;46.47;43.88;56.91;140.11;71.02;52.05;57.68;63.17;55.75;58.56;61.74;35.32;78.98;79.06;;71.73;73.03
1999:Q1;52.48;65.77;64.54;86.95;99.68;64;44.46;58.99;51.08;47.13;45.98;57.97;138.77;72.07;53;59.7;64.55;56.53;59.38;62.44;35.23;78.81;81.72;;72.29;73.16
1999:Q2;53.54;66.99;65.63;86.99;99.97;64.38;45.37;60.76;52.11;48.64;48.12;58.92;137.57;72.5;53.86;62.36;66.85;57.15;61.08;63.07;36.04;78.54;83.15;;72.88;73.73
1999:Q3;54.84;67.97;65.57;86.94;100.23;65.85;46.88;62.34;53.72;50.82;50.22;59.92;136.39;73.23;54.76;65.53;68.26;57.2;62.56;63.96;36.54;78.33;85.3;;73.65;74.49
1999:Q4;56.45;68.69;66.8;86.99;100.49;66.4;47.46;64.04;54.27;52.78;52.3;60.96;135.16;73.73;55.71;68.42;71.02;56.99;63.57;64.77;37.68;78.34;86.23;;74.31;75.12
2000:Q1;57.51;69.42;67.33;87.09;100.8;67.48;48.77;66.14;55.44;54.89;54.83;61.97;133.89;74.09;56.14;71.4;72.8;56.82;65.42;66.07;40.13;78.51;87.69;;75.18;75.85
2000:Q2;58.7;70.16;68.05;87.71;100.71;68.61;49.55;66.22;56.93;57.11;56.66;63.27;132.59;74.27;57.39;74.11;76.21;56.56;67.87;66.94;41.89;78.76;89.88;;75.92;76.56
2000:Q3;58.9;71;68.36;88.22;101.49;70.26;50.51;65.83;58.45;57.49;58.27;64.94;131.26;74.3;58.9;77.14;75.65;56.5;69.77;68.15;41.08;79.08;91.34;;76.65;77.29
2000:Q4;60.07;71.95;68.56;88.51;101.78;71.46;51.12;66.65;58.72;60;59.66;66.33;129.9;74.17;60.68;78.97;77.84;56.3;71.19;69.36;40.64;79.62;93.55;;77.37;78.01
2001:Q1;61.41;72.84;69.34;88.82;102.26;72.84;52.97;67.88;59.91;60.44;59.99;67.53;128.51;74.09;63.78;81.13;78.81;56.53;73.29;71.14;41.22;80.38;94.45;;78.34;78.85
2001:Q2;63.58;73.64;70.1;89.37;102.41;72.99;54.18;68.08;61.5;61.81;61.28;68.83;127.05;75.4;65.66;83.15;80.75;56.7;73.63;72.1;42.07;81.11;95.7;;79.06;79.56
2001:Q3;67.15;74.38;70.69;89.94;101.75;74.03;55.68;67.97;62.84;63.21;62.68;70.01;125.52;78.4;67.38;85.12;82.08;57.21;74.39;73.21;43.42;81.69;95.97;;79.85;80.31
2001:Q4;69.41;75.21;71.38;90.86;100.13;73.99;56.83;69.49;63.4;62.73;64.2;71.63;123.92;80.6;68.94;85.86;82.54;58.02;74.57;74.3;45;82.11;95.97;;80.31;80.74
2002:Q1;72.72;76.29;74.04;92.12;100.09;74.58;59.91;72.74;64.39;65.65;65.39;73.78;122.24;85.32;69.55;87.23;83.34;59.41;75.96;75.43;46.45;82.26;96.06;;81.49;81.76
2002:Q2;76.96;77.53;75.57;93.03;100.85;75.33;62.92;74.38;66.32;69.99;67.31;75.56;120.54;88.57;71.11;88.7;84.59;60.95;77.54;76.47;47.81;82.34;96.3;;82.74;83
2002:Q3;80.44;78.85;77.14;94.03;100.36;75.92;64.77;75.26;68.62;73.88;69.52;77;118.82;91.76;72.81;90.17;81.91;62.69;79.83;77.98;49.3;82.37;96.03;;83.93;84.16
2002:Q4;83.07;80.08;79.42;95.09;99.1;76.52;66.64;76.46;69.84;78.45;72.02;78.83;117.02;94.27;74.67;89.99;83.42;64.7;81.33;79.28;51.17;82.49;96.09;;84.95;85.15
2003:Q1;85.42;81.2;81.3;95.75;100.16;76.64;70.03;79.09;71.69;80.99;75.89;80.96;115.12;94.9;76.57;91.04;84.77;67.92;82.07;80.31;53.33;82.85;96.57;;86.01;86.14
2003:Q2;89.93;82.34;83.06;96.33;101.72;77.38;73.81;80.6;74.18;82.3;78.54;83.03;113.26;97.64;78.79;91.91;83.45;70.62;82.99;81.04;55.95;83.65;97.14;;87.05;87.18
2003:Q3;95.55;83.52;85.49;96.91;100.93;78.43;76.25;81.72;76.6;83.69;81.06;85.1;111.38;99.39;81.2;92.74;84.34;75.99;84.24;82.27;59.3;84.84;97.44;;88.11;88.22
2003:Q4;99.1;84.77;86.49;97.35;99.67;79.05;78.89;84.84;78.85;86.27;83.43;87.32;109.54;100.45;83.81;93.66;86.32;80.82;86.24;84.8;64.04;86.44;97.5;;89.61;89.7
2004:Q1;98.96;85.96;89.02;97.96;100.49;81.06;82.88;87.55;81.94;88.42;85.05;89.8;107.69;99.69;87.25;94.76;92.33;83.94;88.45;86.22;69.67;88.29;97.62;;90.94;90.98
2004:Q2;97.73;87.36;92.62;98.42;99.42;83.48;86.75;89.35;84.97;92.2;87.4;91.89;106.03;99.84;90.01;95.77;91.37;86.42;91.04;88.04;74.83;90.33;97.68;;92.34;92.38
2004:Q3;98.07;89.29;94.05;99.01;98.14;86.13;89.1;90.14;88.41;95.28;89.86;93.64;104.51;99.13;92.72;97.1;92.68;88.41;92.52;91.39;80.05;92.46;97.89;;94.14;94.17
2004:Q4;99.38;91.9;94.58;99.34;97.02;88.37;92.44;92.27;91.36;96.9;92.44;95.56;103.08;98.18;95.38;97.37;95.37;90.91;94.83;93.57;86.53;94.63;97.95;;95.47;95.48
2005:Q1;99.1;95.07;96.83;99.44;100.3;91.97;95.9;96.18;94.66;97.98;95.16;97.68;101.75;97.87;97.7;98.34;97.32;95.14;95.87;95.81;93.03;96.67;97.77;;97.28;97.28
2005:Q2;99.55;98.36;99.61;99.52;99.75;96.48;98.85;99.19;98.35;99.33;97.53;99.4;100.52;99.27;98.73;99.58;98.87;98.44;98.09;98.57;97.87;98.76;99.29;;99.08;99.08
2005:Q3;99.75;101.66;101.14;100.14;100.95;102.63;101.09;101.41;102.07;100.72;101.54;100.63;99.35;101.28;101.77;100.77;101.01;101.36;101.28;101.54;102.25;101;101.41;;101.06;101.06
2005:Q4;101.61;104.91;102.42;100.9;99;108.92;104.15;103.22;104.93;101.97;105.77;102.29;98.38;101.58;101.79;101.32;102.8;105.05;104.76;104.09;106.84;103.58;101.53;;102.58;102.58
2006:Q1;103.01;107.95;106.03;101.68;99.88;116.3;107.44;104.41;108.2;104.21;107.75;104.41;97.6;102.66;105.71;102.79;106.8;106.75;108.8;105.83;110.89;106.68;101.59;;104.3;104.31
2006:Q2;106.8;110.79;111.27;102.25;100.42;122.8;109.56;106.04;111.02;106.58;112.07;106.02;96.94;104.88;109.05;104.03;109.86;108.37;110.87;106.59;114.85;110.38;102.22;;105.66;105.67
2006:Q3;109.82;113.44;113.82;102.5;99.17;126.37;111.05;107.5;113.53;108.69;119.03;107.16;96.39;106.19;108.55;105.36;114.52;111.02;113.4;107.44;118.81;114.48;102.19;;106.71;106.73
2006:Q4;111.5;116.03;114.24;103.05;99.17;126.63;113.56;109.12;115.44;111.92;121.63;108.64;96.02;110.97;109.44;105.86;118.63;114.62;115.71;108.81;122.43;118.9;102.43;;108.12;108.15
2007:Q1;112.92;118.62;117.68;103.84;96.66;127.99;115.16;110.74;117.04;115.23;123.74;110.46;95.89;114.89;109.24;107.1;123.47;119.26;117.56;109.31;127.07;123.61;102.97;;109.13;109.19
2007:Q2;117.53;120.99;123.11;104.14;97.28;128.12;116;112.33;118.66;117.89;124.55;111.83;95.72;115.34;110.05;108.34;126.92;123.22;122.31;108.89;133;128.4;102.58;;109.98;110.05
2007:Q3;122.41;123.02;125.54;104.45;97.26;128.89;116.98;113.4;120;119.92;124.45;112.8;95.62;115.96;110.57;110.13;128.75;123.65;126.81;107.66;136.93;133.21;103.3;;110.27;110.37
2007:Q4;127.11;124.87;125.76;104.85;97.52;126.94;118.97;113.83;122.1;121.08;123.8;113.95;95.45;116.83;111.59;110.5;130.07;123.74;128.78;107.57;137.53;138.18;101.44;;110.82;110.93
2008:Q1;128.13;126.47;127.65;105.5;98.68;125.46;119.53;114.44;122.11;119.52;120.98;115.58;95.35;117.98;110.75;111.83;131.02;122.66;128.13;106.87;136.12;143.33;98.93;;110.85;111.01
2008:Q2;126.87;127.64;128.64;106.72;98.8;125.62;118.37;114.77;121.61;117.18;117.99;115.89;94.92;120.38;109.77;112.15;130.7;117.78;128.31;103.84;132.83;148.31;96.66;;109.57;109.75
2008:Q3;124.09;128.2;125.89;107.97;97.3;122.12;117.44;113.12;120.68;111.31;115.2;115.12;93.39;121.82;108.42;113.39;128.35;115.3;129.12;100.56;130.11;152.9;93.61;;107.45;107.66
2008:Q4;121.96;128.19;120.46;109.02;97.37;113.35;115.08;109.92;117.42;104.98;110.14;114.13;90.61;121.43;108.64;112.52;123.19;112.72;126.17;99.87;129.81;157.14;95.2;;105.77;106
2009:Q1;121.16;127.89;117.21;110.4;97.14;106.82;111.39;109.1;113.05;100.98;102.61;112.33;88.35;119.81;108.8;111.6;124.59;111.5;125.21;100.7;129.73;161.08;95.52;;104.8;105.16
2009:Q2;126.04;127.75;119.95;111.76;98.34;106.19;108.54;111.32;110.6;100.97;95.71;111.16;86.63;119.62;110.11;108.98;128.18;114.03;128.53;97.75;129.2;164.69;93.85;;103.48;103.88
2009:Q3;132.06;128.1;124.39;113.17;98.15;107.35;107.7;114.33;111.28;103.71;92.09;110.31;87.01;120.81;110.35;107.7;131.94;116.52;131.02;95.19;129.81;167.97;94.27;;103.12;103.54
2009:Q4;138.82;128.8;128.03;114.81;99.03;107.5;107.79;117.51;112.62;106.86;90.39;109.58;87.04;122.25;111.93;106.96;135.28;118.62;135.05;94.69;131.96;171.08;95.23;;103.74;104.2
2010:Q1;143.91;129.79;131.61;115.98;98.41;107.92;106.15;120.29;114.46;108.76;87.29;108.85;87.57;123.03;113.39;106.73;137.55;118.47;138.56;93.64;134.58;174.14;94.99;;103.88;104.38
2010:Q2;146.39;130.96;134.32;117.15;99.54;109.48;104.51;122.52;116.35;109.36;84.29;108.81;87.56;123.53;114.38;106.96;139.98;117.92;140.03;92.5;135.56;177.24;94.93;;103.93;104.44
2010:Q3;145.21;132.2;132.92;118.56;99.41;110.34;104.02;123.52;118.57;109.62;82.11;109.43;87.83;123.46;115.87;107.06;140.53;117.12;139.86;93.38;135.85;180.46;95.67;;104.46;104.98
2010:Q4;145.37;133.43;132.34;119.96;99.14;110.35;103.99;124;121.16;108.51;78.46;110.08;88.03;124.27;118.05;105.95;143.9;116.71;142.11;92.94;137.67;183.93;94.27;;104.55;105.08
2011:Q1;144.05;134.65;135.82;121.07;101.42;108.4;101.13;125.1;122.47;107.86;74.71;111.35;87.82;126.49;118.35;105.45;147.79;116.68;143.22;90.44;138.94;187.6;92.95;;104.06;104.78
2011:Q2;142.49;135.8;141.35;122.2;102.39;108.39;99.07;126.32;124.57;107.45;70.82;111.48;87.5;129.32;119.22;104.94;149.03;117.74;142.46;88.56;139.84;191.68;89.91;;103.74;104.51
2011:Q3;140.32;136.85;143.43;123.3;102.06;105.94;98.18;126.33;125.85;107.48;66.89;110.61;87.81;131.34;120.2;104.21;151.21;119.43;141.12;89.21;141.34;196.01;89.73;;104.12;104.91
2011:Q4;138.68;137.83;143.9;124.66;102.86;102.76;96.9;125.6;125.61;107.13;63.19;110.01;87.26;132.97;120.73;102.37;154.17;119.4;137.94;89.84;143.06;200.57;87.84;;104.25;105.08
2012:Q1;139.37;138.72;147.35;125.88;103.69;102.08;93.78;126.54;124.7;107.38;60.3;109.7;86.99;133.81;117.13;101.09;155.93;120.41;138.16;88.98;145.42;205.37;86.14;;104.01;104.89
2012:Q2;139.58;139.38;150.9;126.6;105.05;101.97;90.84;127.62;124.35;108.08;59.07;108.33;86.19;134.05;118.46;99.3;157.53;122.44;138.35;88.29;146.42;210.3;86.89;;103.81;104.74
2012:Q3;139.03;139.87;149.46;127.79;106.61;102.48;88.93;128.43;123.76;107.98;59.8;105.77;86.38;133.86;117.74;95.58;160.81;124.86;139.35;89.45;147.61;215.27;83.66;;104.11;105.09
2012:Q4;141.39;140.35;147.42;129.4;107.88;102.76;87.15;128.4;123.04;108.1;60.19;103.95;86.63;133.34;118.75;94.9;163.36;127.07;141.01;90.37;149.93;220.33;81.69;;104.48;105.5
2013:Q1;142.94;140.75;149.01;131.08;108.13;103.81;86.2;128.82;122.23;108.74;58.29;102.47;86.89;133.24;124.91;92.69;164.8;129.71;141.82;90.9;152.7;225.44;81.72;;104.8;105.95
2013:Q2;144.77;140.96;152.56;132.61;109.69;104.62;85.04;129.72;121.54;109.81;58.37;100.97;87.09;133.04;126.39;91.04;166.34;133.35;142.56;91.99;155.38;230.55;81.57;;105.53;106.73
2013:Q3;147.38;140.94;153.45;133.7;109.88;104.68;84.91;129.88;120.85;111.1;61.86;99.5;87.83;133.04;127.95;91.32;165.79;137.53;143.52;93.28;158.17;235.49;81.6;;106.29;107.54
2013:Q4;151.73;140.8;154.09;134.51;110.19;105.29;83.49;129.32;120.71;112.92;63.6;98.23;87.91;133.53;131.01;91.09;165.77;138.59;146.45;94.25;161.2;240.26;82.01;;106.93;108.25
2014:Q1;153.83;140.72;157.35;134.56;111.08;106.03;82.95;128.86;119.98;115.77;64.33;97.25;88.19;134.31;132.51;91.64;166.3;139.82;149.69;95.1;164.9;245.04;82.4;;107.77;109.23
2014:Q2;155.99;140.74;161.56;134.95;112.9;107.91;82.56;128.98;119.91;118.8;67.85;96.05;87.66;134.86;134.71;92.23;169.07;141.79;152.01;96.65;167.82;249.8;82.58;;108.93;110.45
2014:Q3;158.24;140.93;162.59;135.46;113.52;107.83;82.71;128.59;119.11;121.11;73.14;94.63;87.35;135.44;136.58;93.24;171.81;144.14;155.42;98.02;169.69;254.71;82.31;;109.75;111.33
2014:Q4;161.98;141.31;163.07;136.13;113.69;108.61;83.24;127.74;117.68;122.52;75.25;93.5;87.18;136.3;137.79;93.52;175.17;148.28;158.95;99.05;171.69;259.89;83.36;;110.4;112.05
2015:Q1;165.24;141.73;167.7;137.03;115.47;111.72;82.88;127.24;117.03;123.53;75.36;92.36;88.07;137.21;142.46;94.25;176.21;152.51;163.38;100.24;175.13;265.53;84.47;;111.54;113.18
2015:Q2;170.98;142.32;174.4;137.7;117.77;114.33;83.59;127.5;116.76;125.08;77.21;91.88;87.85;138.83;143.06;94.99;177.92;158.57;167.95;101.54;178.12;271.45;83.84;;112.92;114.64
2015:Q3;174.68;142.98;177.95;138.19;118.59;114.74;83.86;127.63;116.9;127.59;79.4;92.04;88.13;140.67;141.4;96.46;180.49;165.75;172.5;102.96;180.09;277.37;84.2;;114.22;116.01
2015:Q4;174.2;143.61;180.15;138.74;120.14;115.4;84.76;127.35;117.1;130.36;80.72;92.2;87.46;142.23;141.94;97.19;180.76;166.45;178.75;104.04;183.21;283.34;85.33;;115.26;117.11
2016:Q1;173.8;144.27;189.51;139.12;122.63;117.09;84.8;127.21;117.37;133.3;81.06;92.75;88.51;142.95;146.83;98.34;183.59;172.19;180.49;105.09;185.41;289.57;86.77;;116.78;118.71
2016:Q2;176.51;145.2;203.18;139.58;126.05;117.78;85.25;128;117.47;135.18;81.61;92.79;88.69;142.99;147.51;99.71;185.53;182.3;182.87;106.71;186.94;295.62;88.32;;118.6;120.58
2016:Q3;179.71;146.35;209.05;140.18;128.5;119.61;85.24;128.35;118.39;136.17;85.36;92.41;88.64;143.5;152.36;102.24;190.45;189.1;187.18;108.6;188.83;301.26;89.28;;120.2;122.26
2016:Q4;185.6;147.63;210.11;141.07;130.27;119.51;86;128.39;118.86;137.4;87.58;92.2;88.44;144.37;151.86;103.57;194.56;190.32;190.03;109.71;190.33;306.54;90.83;;121.26;123.39
2017:Q1;189.69;148.89;222.82;142.05;131.46;120.89;86.71;129.25;120.19;139.16;88.57;92.08;89.72;144.72;154.57;105.63;197.31;192.79;195.19;110.58;192.34;311.76;92.06;;122.83;124.99
2017:Q2;193.4;150.09;232.05;142.73;133.87;123.26;86.63;130.15;121.12;141.23;90.5;91.8;89.39;144.75;159.27;107.79;195.69;194.13;199.85;112.69;195;317;94.39;;124.6;126.84
2017:Q3;193.38;151.31;222.08;143.46;136.12;124.33;87.52;130.16;122.32;142.6;95.32;91.25;89.46;145.65;160.25;110.59;195.99;196.28;202.19;114.41;196.76;322.04;98.3;;125.56;127.84
2017:Q4;196.45;152.43;218.35;144.23;138.74;124.73;88.66;129.85;122.72;143.78;97.56;91.15;88.88;146.14;165.21;112.56;198.8;197.91;204.38;115.64;198.48;326.74;101.5;;126.49;128.81
2018:Q1;196.25;153.58;219.5;144.61;140.19;127.36;89.02;129.84;123.84;145;99.38;91.63;90.07;147.05;163.61;115.36;198.16;200.03;203.85;117.36;199.89;331.19;104.73;;127.82;130.32
2018:Q2;194.06;154.68;220.26;144.77;142.88;128.59;89.94;131.15;124.53;145.78;101.47;91.51;89.91;147.59;168.68;117.66;200.41;201.11;199.91;119.14;201.71;335.44;109.45;;128.99;131.53
2018:Q3;192.04;155.82;216.27;145.03;145.6;129.04;90.36;131.02;125.9;146.7;103.71;90.75;89.98;148.73;175.93;121;201.3;202.19;199.05;120.58;203.29;339.25;113.28;;129.95;132.52
2018:Q4;188.39;157.18;212.15;144.8;147.7;129.31;92.07;131;126.69;147.25;104.57;90.73;89.94;150.86;176.06;122.84;201.65;203.43;200.97;121.27;204.97;343.02;118.36;;130.57;133.16
2019:Q1;184.27;158.74;210.94;144.82;148.57;130.68;92.92;131.38;127.49;147.02;103.65;91.45;91.1;150.96;187.61;124.86;203.61;203.64;202.85;122.75;206.42;347.14;120.51;;131.52;134.21
2019:Q2;185;160.34;212.12;145.1;151.97;132.04;92.74;132.33;128.41;147.29;104.1;91.5;90.61;150.36;186.97;126.37;203.94;204.1;203.83;124.41;207.07;351.19;125.92;;132.67;135.4
2019:Q3;191.21;161.94;211.51;145.78;154.43;133.29;93.09;131.73;129.84;147.74;105.45;90.54;90.11;150.37;189.72;128.67;206.27;207.9;205.97;125.97;207.59;354.78;130.28;;133.81;136.62
2019:Q4;195.62;163.45;212.09;146.2;157.53;133.58;94.01;130.94;131.49;148.38;105.69;91.3;89.43;150.99;198.5;130.46;207.04;212.75;208.81;127.4;209.04;357.6;135.37;;135.11;137.97
2020:Q1;198.16;165.05;218.6;146.65;159.72;133.84;93.12;132.01;133.84;149.5;105.04;94.35;89.64;152.6;211.69;133.35;205.7;219.48;212.66;129;208.99;359.88;140.81;;136.83;139.88
2020:Q2;196.42;167.07;220.84;147.97;162.57;134.7;91.23;133.1;135.81;149.17;104.64;94.7;88.66;154.01;224.13;136.15;209.32;218.52;215.28;129.88;209.63;361.94;144;;137.65;140.75
2020:Q3;202.04;169.52;231.79;149.97;167.41;139.42;92.06;133.89;136.67;151.6;104.85;92.26;89;157.18;237.89;139.27;215.17;230.05;218.84;132.16;213.45;364.77;144.09;;139.99;143.23
2020:Q4;210.46;172.38;241.56;152.61;171.97;143.87;92.25;134.88;139.91;157.1;106.26;92.35;89.75;161.76;236.13;141.88;222.23;248.98;230.21;135.38;217.74;368.65;142.87;;143.36;146.75
2021:Q1;222.01;175.39;267.31;155.17;175.93;149.65;92.26;136.7;141.85;161.04;108.11;94.43;91.69;168.3;241.03;146.98;228.78;272.45;240.42;138.78;222.17;373.73;145.2;;147.61;151.72
2021:Q2;231.9;178.42;287.04;157.49;182.4;153.65;93.45;139.05;144.27;163.28;110.64;95.35;92.89;174.05;245.96;153.63;236.24;283.32;252.36;146.02;225.79;379.67;149.95;;153.09;157.45
2021:Q3;247.5;181.23;292.76;159.26;189.88;157.03;94.44;139.74;146.84;164.06;116.29;95.39;94.94;180.94;253.29;163.36;239.74;300.22;262.79;154.13;228.28;386.05;154.23;;158.63;163.29
2021:Q4;261.13;183.88;310.74;161.29;195.09;157.78;96.35;140.27;149.97;168.43;121.27;96.61;95.89;187.16;254.99;169.55;242.05;316.82;266.66;159.78;230.72;392.73;159.34;;163.52;168.42
2022:Q1;265.45;186.48;348.84;163.43;198.07;161.02;98.43;140.89;152.2;174.03;124.42;99.46;99.01;189.49;267;176.48;245.18;310.12;271.04;165.77;233.61;399.72;167.38;;169.07;174.29
2022:Q2;262.47;188.87;338.01;164.97;200.87;160.55;98.68;141.52;154.14;177.99;126.66;100.11;101;190.36;272.97;181.44;250.67;298.41;275.06;175.94;235.99;406.55;176.31;;173.79;179.11
2022:Q3;254.59;190.77;305.53;166.25;198.55;157.49;98.87;139.57;156.32;182.03;130.47;98.5;102.25;190.45;262.05;182.31;250.24;287.56;269.64;178.67;237.72;413.21;185.19;;173.97;179.27
2022:Q4;253.79;192;290.81;166.91;189.66;150.98;99.49;136.14;156.76;183.63;132.03;98.66;101.65;187.03;261.65;177.58;247.91;281.54;256.77;177.32;238.88;420.03;189.67;;172.05;177.32
2023:Q1;254.12;192.94;291.42;167.02;183.55;150.43;101.48;133.38;156.2;181.01;131.07;100.21;103.62;181.29;254.46;174.6;245.13;272.69;246.54;178.53;239.63;427.47;196.13;;171.93;177.12
2023:Q2;260.67;193.67;308.57;167.02;180.36;152.09;101.64;131.85;154.97;179.68;130.41;100.65;102.99;177.38;248.2;171.66;248.7;271.45;240.69;183.22;239.77;434.78;202.11;;173.82;179.16
2023:Q3;264.51;194.56;306.55;166.73;176.89;155.14;102.96;129.7;153.42;179.95;132.34;99.97;102.23;176.53;248.61;174;245.22;275.9;239.65;186.33;239.78;442.21;209.22;;174.68;180.15
2023:Q4;270.42;195.81;293.27;167.09;173.65;155.72;104.78;127.96;150.68;179.15;136.25;100.71;101.88;176.51;241.91;177.03;243.49;279.98;240.01;187;241.05;449.91;210.8;;174.42;179.97
2024:Q1;274.43;197.08;295.09;167.42;172.86;156.28;105.91;126.49;148.07;178.65;139.4;102.83;103.06;176.25;234.54;181.26;246.93;279.74;239.69;189.86;242.07;458.93;217.53;;176;181.79
2024:Q2;279.85;198.4;300.61;168.06;174.6;158.66;107.48;126.56;147.22;180.32;141.54;103.94;103.44;175.68;237.08;186.49;250.68;275.48;240.22;193.93;241.23;467.84;223;;178.51;184.44
2024:Q3;281.12;199.95;295.35;168.85;175.69;158.74;109.15;126.02;147.51;181.67;145.79;104.26;103.55;175.9;234.09;193.28;252.1;274.01;243.22;195.92;241.34;476.59;225.72;;179.75;185.78
2024:Q4;285.66;201.8;290.52;169.65;176.57;162.2;112.17;125.01;147.41;183.66;149.41;105.28;103.38;176.32;240.05;197.32;253.21;275.91;244.98;197.48;243.64;485.08;235.34;;181.03;187.16
2025:Q1;287.47;203.86;293.11;171.28;178.56;164.34;115.39;124.01;148.42;186.72;151;107.03;106.21;175.99;235.64;200.94;260.97;275.13;246.02;199.1;246.38;493.81;247.51;;183.15;189.45
2025:Q2;291.3;205.89;293.3;173;180.32;165.87;118.71;124.4;148.05;185.37;152.75;107.86;105.33;175.87;239.87;204.61;260.67;273.53;246.75;201.53;249.22;502.99;259.1;;184.65;191.06
2025:Q3;298.87;207.95;287.3;174.76;181.66;167.04;122.32;123.52;148.55;186.25;154.61;107.92;105.33;176.53;241.71;208.37;264.35;278.45;247.35;202.28;253.14;512.34;274.56;;185.7;192.19
