date,North,Yorkshire_and_the_Humber,North_West,East_Midlands,West_Midlands,East_Anglia,Outer_South_East,Outer_Metropolitan,London,South_West,Wales,Scotland,Northern_Ireland,UK_Total
1973-10-01,16.88232475057727,19.38397523722535,15.520149953139644,19.0500206317913,18.005645838101778,19.755013810495974,20.034222158847854,18.561551072777817,19.190596451844232,17.801198819289763,18.489299762216937,17.099430018999367,22.99985045610887,19.484869703449974
1974-01-01,16.947675685095632,19.61232049525549,15.76382380506092,19.508504882857277,18.50156404974441,19.775029022056763,20.21246256951376,18.590063440017108,19.377669691017367,18.38068850618424,19.11153581190693,17.310534093308,24.285927919844475,19.80469711019852
1974-04-01,16.925892040256176,19.967524229969044,15.895032802249297,19.85236807115676,18.673228046082247,19.915135502982267,19.962925994581493,18.73262527621356,19.79858447915693,18.67043334963148,19.44487655281228,17.48325560865143,24.465380589202933,20.00340644575235
1974-07-01,17.209079423169086,20.525701527376057,15.820056232427367,19.646050158177065,18.863965819790952,20.115287618590127,20.28375873378012,18.98923658136717,19.829763352352447,19.195595878379603,19.667103713415848,18.15495039054253,25.18319126663676,20.243750118279365
1974-10-01,17.36156493704527,20.576444918049425,16.11996251171509,19.62312594562377,18.863965819790952,20.575637484488208,20.26593469271353,18.889443296029647,19.75181616936364,19.63021314355046,20.17822618280406,18.500393421229397,26.31972483924032,20.362975719611665
1975-01-01,17.840805123513267,20.982392043436345,16.457357075913777,19.76067122094356,19.37895780880445,20.7357591769745,20.44417510337944,19.160310784802903,20.07919433791663,19.90184893428225,20.40045334340763,18.960984128811862,26.917900403768503,20.722544993470976
1975-04-01,18.75571820677036,22.073374942913684,16.83223992502343,20.65471551052221,19.855802243076216,20.955926504143147,20.96107229431057,19.759070496828,20.64041405543604,20.336466199453103,20.9337985288562,20.093269618285447,28.503065649768207,21.40194167407884
1975-07-01,19.605280355509084,22.682295630994066,17.16963448922212,20.8610334235019,20.29449912260624,20.93591129258236,21.35320119777556,20.486135861429894,20.952202787391265,20.553774832038535,21.22269383764084,21.18717254879383,30.59668012561687,21.899661247894628
1975-10-01,20.367707924889995,23.367331405084485,17.656982193064668,21.45706294988767,20.790417334248875,21.616428485649088,21.70968201910737,20.970846104497824,21.435475321921867,20.988392097209395,21.95604346763261,22.338649317750008,33.34828772244654,22.51849889290513
1976-01-01,20.846948111357992,23.90013700715481,17.994376757263357,21.70922928797396,19.130998702983135,21.916656659060884,22.083986881505776,21.21320122603179,21.93433729305023,21.24191883522573,22.733838529745103,23.566891204636608,34.90354419021983,22.978369069472567
1976-04-01,21.413322877183813,24.382199218551783,18.331771321462043,22.167713539039934,21.36263065537499,22.19686962091189,22.297875374304866,21.66939910186043,22.199357715212173,21.53166367867297,23.26718371519367,24.449690060836357,36.93734110961567,23.41742207755341
1976-07-01,21.97969764300963,25.16872177398893,18.80037488284911,22.53450093989272,21.7441062027924,22.59717385212761,22.761300442036216,22.225390263026583,22.417609827580836,21.98438999655928,23.55607902397831,25.21734124014048,38.97113802901151,23.935958819855795
1976-10-01,22.981745305624536,25.752270766732632,19.36269915651359,23.03883361606529,22.201876859693293,23.0575237180257,22.86824468843576,22.424976833701617,22.698219686340536,22.093044312851998,24.04497877730616,25.71631450668816,40.167489158067895,24.356087129312467
1977-01-01,23.482769136931992,26.082102806109503,19.943767572633558,23.26807574159828,22.54520485236896,23.077538929586485,23.189077427634395,22.553282486278423,23.29061827705547,22.52766157802285,24.42276495033223,26.061757537375016,41.42365784357709,24.755398270282544
1977-04-01,24.288763995991808,26.614908408179836,20.599812558575447,23.97872633075054,23.19371328297856,23.637964853288494,23.61685441323257,22.93819944400884,23.493280952826368,23.01660600134007,24.756105691237583,26.618304642370504,43.57708987587857,25.313676879695688
1977-07-01,24.81157147213872,27.14771401025016,21.14339268978444,24.32258951905002,23.82314793621729,24.31848204635523,24.18722372736347,23.47993442155535,23.75830137498831,23.324459897502763,25.422787173048288,27.481912219087643,45.28189023478391,25.87384795897125
1977-10-01,25.029407920533263,28.28944030040087,21.46204311152765,24.52890743202971,23.8803692683299,24.758816700692524,24.686296877228006,23.63675244137144,24.31952109250772,23.650422846380906,25.578346185470785,27.44352966012244,45.5510692388216,26.23341723283057
1978-01-01,26.031455583148176,29.20282133252144,22.66166822867854,25.743890697354544,25.234607461661707,25.819622913414197,25.80921146442321,24.948321334378782,25.862875315686093,24.82751127288532,26.756150136669703,28.729345385456845,48.18304172274562,27.56950095569728
1978-04-01,27.25133969415763,30.344547622672145,23.505154639175256,26.385768648846916,25.959411001754788,26.660261798967213,27.1638385854841,26.70183191959512,27.499766158451035,26.33056264826787,27.77839507544612,29.76567447751741,51.65245999700912,28.907477148426413
1978-07-01,28.819762122598355,32.34891155427005,25.304592314901598,28.563568841410294,28.801403830014497,29.282254513430207,30.10480536147156,30.151828355549217,30.7423689707854,28.757175712138498,30.600680015111447,31.703993705260327,56.64722596081951,31.742397002327735
1978-10-01,29.974295299089444,33.51600953975744,27.066541705716965,30.351657420567605,30.708781567101543,30.56322805332052,32.136746043062885,32.304512082115615,32.45720699653915,30.495644772821933,32.089601991155355,32.7787053562861,57.245401525347695,33.55916807024848
1979-01-01,31.1941794100989,34.86070939260161,28.847235238987817,31.864655449085323,32.13931486991684,32.6247948440815,34.29345501212035,33.772898994939055,35.09182178156082,32.37898625522899,34.04520100446676,34.467537950755165,59.84746523104531,35.495164739501526
1979-04-01,32.91508735241581,36.76358654285279,30.85285848172446,34.478015680161384,33.66521705958648,35.426924462591565,36.877940966775995,35.996863639603674,38.708571072241455,34.87803552996143,36.88970866019245,35.887692632467804,62.808434275459845,38.05189152362749
1979-07-01,35.31128828475581,40.26488049931496,32.85848172446111,36.86213378570446,36.58350499732967,38.4292061967095,40.371453015827754,38.64851379285765,41.15611261808999,37.54006627913294,39.623102735616335,37.82601186021072,65.58995065051593,40.86599420904222
1979-10-01,36.988628937393806,42.70056325163648,34.69540768509841,38.78776764018156,38.98680094605936,42.552339778231456,43.82931698274633,41.385701047829485,44.30517881083777,41.08944061136162,42.40094224316096,41.107720651735846,67.53402123523254,43.82013966427584
1980-01-01,38.68775323487126,43.99451971380727,36.28865979381443,40.96556783274495,40.24567025253681,44.613906568992434,45.50477684300585,43.196236367524406,44.88198796495495,42.10354756342696,42.889841996488805,40.99257297484023,71.63152385225064,45.23759959122651
1980-04-01,39.90763734588072,46.379459075455415,37.99437675726335,42.86827747466874,41.52361333638514,46.77554941755734,46.46727506060174,43.92330173212631,45.84853303401615,43.02710925191504,44.37876397253272,42.201623582244224,71.69134140870345,46.57557578395564
1980-07-01,40.38687753234871,47.67341553762622,39.11902530459231,43.7393975516941,41.790646219577326,46.63544293663184,47.23370882646514,44.3652434243353,45.754996414429584,43.769580413248576,44.31209582435165,42.643023010344095,70.49499027964708,47.135746863231205
1980-10-01,40.234392018472526,47.41969858425939,38.57544517338332,43.876942827013885,41.218432898451205,47.31596012969857,46.41380293740197,43.7949960795495,45.614691485049725,43.8782347295413,44.68988199737772,43.16118755637438,68.40137580379842,46.8745860222176
1981-01-01,40.190824728793615,48.35845131171664,38.669165885660725,45.11485030489203,41.88601510643168,47.73627957247508,47.03764437473264,44.67887946396749,45.97324852679824,44.53016062729759,45.112113602524495,43.73692594085247,67.59383879168536,47.33824113850987
1981-04-01,40.45222846686708,48.916628609123656,39.512652296157455,45.11485030489203,42.72526131074998,47.87638605340058,47.8753743048624,45.03528405445862,46.51887880771989,45.43561326307021,44.60099113313629,45.310610858425925,66.99566322715717,48.07251944512784
1981-07-01,40.84433407397726,49.1449738671538,39.175257731958766,46.375681995323454,42.5154497596704,47.45606661062407,48.08926279766149,45.46296956304797,46.986561905652735,45.12775936690752,45.02322273828307,45.7520102865258,65.8292208763272,48.252304082057485
1981-10-01,40.88790136365617,48.18084944435987,38.33177132146204,45.94012195681079,41.33287556267644,48.236659861494736,47.48324540139741,45.03528405445862,45.64587035824525,44.07743430941128,44.04542323162737,45.80958412497361,65.47031553761029,47.474498968603925
1982-01-01,42.15135276434453,49.34794742984726,38.68791002811621,45.41286506808491,41.33287556267644,46.93567111004362,47.55454156566377,45.5342504811462,46.90861472266393,44.87423262889119,45.80101780039556,46.48127890686472,66.7563930013459,48.229594443708486
1982-04-01,43.04448220276217,49.703151164560815,39.66260543580131,46.76539360872954,42.3247119859617,48.576918458028096,49.033936974190794,46.53218333452135,47.875159791725125,45.96077579181833,46.02324496099913,48.074155103920766,66.60684911021384,49.23071100092731
1982-07-01,44.04652986537708,49.55092099254072,39.737582005623246,46.44445463298336,42.553597314412144,50.15812017133021,49.729074575787834,47.858008411148326,48.46755838244006,46.8119012694446,47.6899486655259,47.67113823478611,65.38058920293106,49.809806778827046
1982-10-01,46.55164902191435,51.22545288476176,40.618556701030926,48.02622529916098,43.33562218661783,51.35903286497738,50.99458149151576,49.112552569677085,49.777071056652005,47.246518534615454,48.46774372763839,48.61151092943366,66.42739644085539,51.02855737022388
1983-01-01,45.86764257395548,52.63104480641396,41.64011246485473,49.6698913392325,45.3593499656672,52.8921980705336,53.83216882931698,51.58029795423765,51.42175661771584,50.058854421325215,49.252205604568985,50.26771834878231,67.37251383280993,52.480081754698055
1983-04-01,47.68222018908204,54.69376363728624,43.10028116213683,52.099857869882165,46.18715190356298,55.20195348464833,56.46656209895908,54.495687504455056,54.38530851495028,52.25367161043806,51.38114180315118,52.432494674419935,68.70644534170779,54.631819988266685
1983-07-01,50.15902060732802,55.74161465469122,43.86504217432053,52.48039979826693,47.35065232318608,57.177454865697925,58.65891915014972,56.253474944757286,56.95912449724067,53.97946433422068,52.043378741749805,53.71639127180609,69.59473605503216,56.206354913798
1983-10-01,50.11327495316517,56.2388998832902,44.28116213683224,53.5830544220806,47.65583276112001,58.12817741483527,59.74975046342507,58.35483641029296,58.08935865057837,55.194581771427536,52.40116447032156,54.75847774771144,70.71631523852251,57.099600688859034
1984-01-01,51.52485513876182,57.880448571573545,46.31865042174321,54.82096189995874,49.538414587624935,60.333853728833915,63.065022101810925,61.30729203792144,61.5954229414149,57.32963908657938,54.35009666881486,55.9061162607711,72.3313892627486,59.198349766279975
1984-04-01,53.57251775367055,60.07002587912924,48.151827553889404,57.57186740635459,51.10246433203631,63.06192706456906,65.77605874803936,63.93613229738399,64.6073020921024,58.50129479726915,56.887930842907615,58.26856276507954,73.66232989382384,61.50716299842925
1984-07-01,54.269594388533086,60.135992287004605,48.03748828491096,57.791939846866256,51.38284885938811,64.5010207757896,67.09503778696707,65.7666262741464,65.98073145636518,60.28322558446968,57.71239360874686,58.754102135989406,74.9813070136085,62.3474196173426
1984-10-01,56.06892345227204,64.24620693154716,50.06373008434864,60.47865755811288,53.54009308003357,67.19106520955927,69.53514900898332,67.47879392686578,68.9053097621052,62.809438438275286,58.3190737571946,61.19331375822826,76.6472259608195,64.91928616036789
1985-01-01,56.813924105781375,64.71050895620844,51.46204311152765,62.31947182614277,55.258640421149,69.37072174852888,71.9307001283331,70.36709672820585,72.64677454556792,64.35232972963185,59.2968732638503,62.42731302895964,78.8604755495738,66.23076777502318
1985-04-01,58.4825513004836,67.01425889277921,52.60731021555764,63.72472605565999,55.88044556343938,72.67723469837075,74.42428347354912,72.78209423337373,75.529261372494,65.75215950453632,61.04135647458832,63.638282764311896,78.2832361298041,68.17244185386348
1985-07-01,59.014072234566285,66.86202872075911,52.980318650421744,64.1396543028747,56.66437781338216,73.37176253953005,75.86803079994297,75.21705039560909,78.12178467870172,67.61558102895637,60.783572968288176,63.84554858272401,80.6938836548527,69.22276262750516
1985-10-01,60.083649196183515,68.66341908966356,53.11715089034677,65.03828343496401,56.91042954146639,75.51138865537808,77.76807357764153,77.50944472164801,81.29891185732549,68.68401513916807,62.41249805551234,64.35411748901299,80.64602960969043,70.6913192407411
1986-01-01,59.277654337123685,67.85913634749073,53.46954076850984,66.90660675805786,56.799801632715344,76.15187542532324,80.07450449165833,78.78965001069213,84.62881551460731,70.59270929537676,62.42805395675458,64.10846911163567,79.79362943023777,71.11144755019777
1986-04-01,62.133490175576185,69.74932765007357,54.665417057169634,69.3113566548989,58.12161440451667,79.9747808334334,83.65891915014973,82.43067930714948,88.70545318492191,73.47748139294833,63.69697104380097,65.97386147734468,82.5123373710184,73.84038909180371
1986-07-01,59.97473097198624,70.45719794996701,55.59325210871603,70.53550960524505,59.13061722743572,82.21848604939754,87.4304862398403,87.65699622211133,95.29510803479565,76.7135691131997,64.42587613058068,66.50354079106454,83.40062808434276,76.30627732253363
1986-10-01,62.756502417984585,71.54818084944435,56.03373945641987,73.20618036770435,61.095216296635385,86.85801208918778,91.73855696563523,93.08575094447215,101.68054126523867,78.91744082867025,66.36814151425587,66.81827777457923,81.97697024076567,78.9841221778543
1987-01-01,63.294558445519115,74.52174354290354,57.61574507966261,76.0625372518454,63.681620508125434,90.48476842400224,96.68116355340084,100.63297455271224,108.46974090356376,81.96700530595245,66.88370852685615,67.70875314257201,80.0508449229849,81.5540962510172
1987-04-01,64.4251296126868,77.82767544527324,58.88847235238988,78.99454403741231,67.37048905165179,99.3435010608062,103.58084985027806,106.81588138855228,116.53103856826615,86.6355190959961,69.43487633058513,68.21156466501621,85.30581725736502,85.7534868757215
1987-07-01,64.7649544721823,77.58664433957475,59.761949390815374,79.04956214754024,70.33455405508505,105.19194587886794,109.95650933979752,113.1000071280918,122.97727060144048,91.00342261096321,69.33709637991953,68.50327211315178,83.76252430088232,88.6395034159081
1987-10-01,62.13566854006013,76.4576038970924,58.69728209934396,80.20035761771584,70.59777218280308,108.43040710940316,111.14715528304578,113.22688716230664,121.66464003990896,91.98493326814076,67.26149469988222,67.13301475809392,79.65006729475101,88.48242841732745
1988-01-01,62.050712325186254,75.61780078144821,59.780693533270856,82.57989088074825,73.64194705119401,118.00568432008326,118.56017396264082,117.99415496471592,123.80662862844136,98.1945274442694,70.03044512100269,65.47872646669353,79.90429190967549,89.95098503056339
1988-04-01,64.01559708970505,82.48591870908814,62.8078725398313,93.20067855669156,83.89028763256273,134.71638445218366,130.04955083416513,124.90555278351984,131.07286502665795,111.51916843229932,73.50163336963041,67.56481854645249,81.241214296396,97.61359550349161
1988-07-01,67.82555657212565,92.29461612624957,67.56326148078726,108.87167025812664,98.99481193255512,154.83367359192985,144.9540139740482,135.6661201796279,139.93234184516572,129.60649028449322,83.03740083112957,70.49532692344599,78.89935696126814,108.42527582748244
1988-10-01,73.25839759508561,105.17075150961588,73.8369259606373,120.50570812892578,105.0087739375906,151.14487010127698,149.91622700698704,138.70838976406014,141.2527671249961,133.00374857391213,95.82435165225894,73.16291477152782,81.23224166292806,114.19730890785564
1989-01-01,80.98723478412408,115.3853960521642,80.8659793814433,127.50447022144787,109.14587624933242,153.90897081782154,151.56673320975332,142.03293178416138,143.08452592523307,131.75241303127433,104.69121536034132,76.52330780893163,80.79258262299987,118.76383868586892
1989-04-01,91.85073846556008,124.22996904653168,90.058106841612,130.8949612580808,113.58815899900816,155.79640526800367,154.07457578782262,144.27542946753152,145.88594768185078,135.50823056445918,111.64248094402096,83.9119504097338,84.14834754000297,124.16873261293314
1989-07-01,94.5453753322006,132.265184959659,99.60074976569823,127.5663655953418,117.5459678034638,146.8916376446099,148.5473406530729,140.40202437807395,143.4929691640944,134.30760036942468,111.90693126513922,89.92074001573684,82.54523702706744,125.24176302492384
1989-10-01,102.90593822158324,129.26625057086312,98.17619493908154,133.51749117417816,115.28191042954148,139.1677675033025,139.84920861257666,133.24256896428824,139.72188445109597,125.62612049763678,111.48025511678036,92.39257681309613,83.30791087184089,122.67557389148578
1990-01-01,95.82843201324447,123.63373420611964,101.66447985004686,128.61858695153822,115.78736552986952,125.63348144589888,132.8728789391131,124.92836267731128,136.0599257942818,121.21475525615256,112.24027200604458,86.09207975895752,86.72648422311948,118.86792452830188
1990-04-01,98.6145601882107,120.00050743390672,105.7244611059044,126.3628444362936,115.66720073243305,126.83639566070212,129.7893198345929,121.78202295245562,129.94107192966047,120.84351967548578,109.24242760950244,88.92279348264147,84.68670554807836,117.66242122594196
1990-07-01,102.27856925020696,110.73222712741664,104.20056232427366,121.79175645316585,112.08705271992064,122.39101717305152,122.57414801083702,118.45890655071636,123.20487637576778,121.51536553122908,103.35340785350785,91.31978429001859,80.02691790040377,114.19730890785564
1990-10-01,103.53984228641136,102.96848835439184,104.02811621368322,115.61597359130714,110.15487907225146,118.1618029702574,116.85084842435478,112.00085537101717,116.33617061079411,112.77050397493709,99.72221604924552,88.7769397585737,85.82622999850456,109.55697280520808
1991-01-01,102.38501648067589,105.05404946752358,106.12224738400104,114.21628487760708,107.92816542175466,117.18305919187448,115.599447162171,112.23419339984017,115.2338245311503,110.77559909803507,100.71564041287516,90.36714080627812,88.1872311817072,108.81510015101472
1991-04-01,106.80101747039804,107.69348251637496,107.93317714163202,116.44694673562968,112.68529733584892,116.79470504887598,117.99648330254688,115.17160192804904,116.3610130135832,111.36049809614008,103.58851017143512,92.97717756627448,88.58099589026227,110.55306247431312
1991-07-01,105.04655696309132,108.46040534319164,107.97677097852244,114.7776741360492,111.43494589750054,115.65210852885951,115.93557629267748,114.41497575196604,116.1608056756072,112.9975835385093,103.3955725071914,93.97842652937565,91.59636229825485,109.52528297108658
1991-10-01,105.83584879064124,105.47826586705312,107.69609725692304,112.00745343834424,108.17616827881348,112.92146389422332,111.90857642964704,110.5445953130458,112.50872249556954,108.2450115279274,103.24164199348004,94.67279942494787,89.10666430900042,106.99553257120488
1992-01-01,102.42923608869256,108.85911188887222,103.51379736440909,109.3115632325618,107.20715228046164,109.33614709663092,107.36102084238487,106.81975503092116,109.08353032342264,104.34443747633566,100.28091279878036,94.98196636276788,89.81826144747058,104.10592894585244
1992-04-01,103.62064054895136,106.49441751834264,107.10571328542449,109.37450113597872,108.99518541274952,111.87220443969886,108.33668292302656,107.41489662701476,109.21018295207789,104.25634059735408,102.03709128046208,99.76444867342344,93.37795419911802,105.0563083367182
1992-07-01,99.8999836097275,106.818491890002,105.38818342243208,108.87457424279724,105.97158151870194,107.52656783644228,105.18735200239864,104.3136601331273,106.01421232548287,104.30191876173296,103.17562155859449,97.35095722654025,96.2584433170957,104.21849366459998
1992-10-01,95.25180138115284,101.24297244372988,102.7129765195024,103.18867114383836,101.3960735551436,102.11825895184076,98.833367184444,99.63209099696752,99.44010409621809,97.38712649149956,100.830287587596,96.28358385410547,97.19274380764568,100.07919082777552
1993-01-01,100.0,100.0,100.0,100.0,100.0,100.0,100.0,100.0,100.0,100.0,100.0,100.0,100.0,100.0
1993-04-01,103.18459755147198,105.62676205566456,101.61298245887924,105.86848045181806,105.83801686481152,102.47535629933364,100.5422206177561,102.44655693969364,102.37224437362076,103.50127777329408,100.731563494073,99.881151778143,105.07253341621907,103.5703433024498
1993-07-01,99.33710000418814,105.52237782640758,103.77059869142272,104.67398235959948,102.19932208523572,106.99991626886644,102.4828644238632,102.06687182134038,101.63010640888108,102.45621256406636,97.88597933800625,99.40530888871304,105.75627798168172,103.22746774162589
1993-10-01,101.52388000118604,106.43610956159952,101.59324897847932,106.07998235375112,101.35486392654784,107.7687596300488,100.99220547952184,103.99461105222495,101.243735043358,99.86292823046456,98.52546889312077,98.82990964187424,103.6517870130394,101.83826040741911
1994-01-01,97.2346136674729,102.48679082774557,101.79362723609762,104.6884204435274,98.08804253751843,103.76514722705618,102.77008738099008,103.09184686999104,103.56125595867591,103.04251605881883,99.57354875082217,99.04778608202535,109.7422263140644,102.39050549148746
1994-04-01,96.54777630104132,104.07284601268624,100.2522779107248,105.36333280566198,100.48714522368093,105.79273912270762,106.35464766450356,106.97360882119264,104.12715468725531,101.82520742387196,96.24424322507795,101.91935046086796,107.68157434723848,102.46071886823172
1994-07-01,94.29511658231024,100.50071908313276,100.29725797429752,104.41497057262733,100.79978925269478,107.81991213911655,104.61752937790864,105.79141898953849,102.611637705784,103.63888424733342,97.1193834721096,105.70645550935495,115.2824665365194,103.19719361929016
1994-10-01,91.67752126487588,97.62350348289668,100.8441910539965,106.86565842485447,100.77972624461796,105.52177601361724,105.29548172594905,104.85689880151084,104.74067934714186,103.7072784427798,99.55471334545672,99.19743837630867,112.14422256173788,103.96012141367626
1995-01-01,100.37438214743734,97.08465219354105,95.12611493072824,103.55935135773731,100.79451396284266,101.87953632209232,103.34719509741424,103.76437362096368,103.07404605376485,104.44058011798174,93.66524400759143,101.35852732670944,109.58886482509872,101.9064376345126
1995-04-01,98.21460531763545,99.07918506839344,96.19928544190844,103.21054840855564,103.41713189340472,106.9233383872715,110.60609230340842,102.73312246658384,109.63404835656117,106.65745941142906,100.51453899802137,98.67697473498973,117.97655507384285,103.0015609275668
1995-07-01,92.59902530878551,99.46428202054521,95.06967964288009,104.87670592211924,101.87048735004436,105.6620049046798,108.0628990061617,102.46157992244358,110.18415088382687,105.57727514733315,96.3476393254149,98.68117642541063,118.031598062269,102.40524304784168
1995-10-01,94.37944132068077,96.87329788299672,94.51824877423316,104.47404244057832,101.453585843596,106.2687135555536,106.43000402424028,101.11158805476236,110.77451376590572,102.68831419684204,98.42050723658772,98.9009784205355,121.71634897247584,101.5990454787406
1996-01-01,94.99850875967516,94.70999842146067,95.64413405940451,103.4685680113984,103.18645152554822,102.79744772752312,109.92936419105015,102.21367478956668,105.71460039693169,105.16595562854464,93.00917334657343,101.3513215697301,120.34941553664872,102.47137976690708
1996-04-01,98.81286316776529,99.49112105051945,98.82527203156096,106.84161094068448,103.4318524641182,109.12755209873346,115.1931814277162,104.69627979002858,113.63654369550368,106.31221715111188,97.56296826144035,101.83527124306173,130.35201026837743,105.79143911294844
1996-07-01,95.95449393125885,100.9203769923584,99.416872870574,107.58133849434104,107.6164362139392,109.70592086612854,115.24659397398726,108.02820452084757,116.12462443085502,110.31114522121028,101.29026015258312,100.947393244284,133.6892236168348,107.7383880709634
1996-10-01,99.70634583480836,103.48060088662336,101.05396687269146,112.36204930853124,109.4330720174387,112.24564792387184,117.83924759460476,111.5718820936856,120.14379524988952,110.5951398280966,99.35682195866433,100.9519758399276,136.87029619285408,110.05623228842911
1997-01-01,98.39404646022876,101.02421102361612,102.98416990794787,111.69675174947272,110.0524478419436,118.17062795262932,119.43545428954194,114.72675211229226,127.5300566335205,112.2046733536956,101.12948598345136,100.87265976908948,138.98244521037702,111.3348284626382
1997-04-01,99.88504116434035,106.02914510856957,104.45259312418396,111.80528540739996,114.87137332840898,117.58952359543116,126.30625418886588,121.63618674435486,133.49028725345232,115.83530001112636,104.25307956664945,104.05703921964064,146.73324224101444,116.50619181026558
1997-07-01,102.97941896432918,108.73141046315172,106.54091373353003,120.85244681587442,116.25645873997011,123.85849774247922,129.52133577096637,128.6518673133992,142.62107441945312,119.11983594355432,106.40613963833904,108.82857483709608,150.2915462151937,121.19611765602792
1997-10-01,104.01071992567604,108.03502038377724,107.9272411110458,119.7707623859783,116.80138943506056,124.5069802678583,130.62752255736402,133.74562345796107,140.49016503108044,120.09645337067352,105.63806577258686,109.20093754792516,151.6945216510692,123.34251932156188
1998-01-01,103.47371698964658,109.9347754999566,109.12107396509776,120.65284672088272,118.68776018182687,123.74458025639336,134.53559092021234,138.7792400040883,146.9612407018952,123.00799518662582,105.68343414556652,109.9578377665132,154.61232217101497,125.48476605302656
1998-04-01,107.98885631130668,110.53153917866736,111.09117871018984,123.87773162612538,120.18993919253307,130.31005026908383,139.70233330442164,143.5967290433276,154.12240592378637,126.93707534622652,106.800637344475,112.0025084084735,164.87784321648178,130.10837431615397
1998-07-01,107.7141125020693,110.17495714742978,111.7381429765427,125.31555775057336,122.11398168803316,134.42084149003318,139.6929274663596,147.24301398922324,158.76519463352875,131.40769491877583,112.10858192331854,117.5513037655118,158.7002651528625,132.39300697882538
1998-10-01,106.22749087592808,107.22268978739986,110.83309461138528,124.57686976016883,123.00305957209017,131.17772320421855,141.9845009248004,149.09934722736824,160.5199376976839,130.0721435714645,109.90527311797796,112.6664048134483,167.70910448394417,132.28604453750202
1999-01-01,105.82874530049476,111.05588647999532,114.28163390643948,127.59796985488843,124.09821221899134,134.40065348036543,145.12795864674612,150.4686501319503,166.7553184844599,132.55261337270352,111.82092804055466,114.98326940704608,171.1665943471406,134.60949399637622
1999-04-01,109.84507071594652,114.27365833764844,116.82416062748824,132.17879166788714,128.52470008128714,134.98728176154083,148.78826253343013,156.3957252060764,173.5242944560604,138.95122156763117,114.38740643599805,117.33569928869804,176.35161997840805,139.66116232131407
1999-07-01,111.68709890750712,115.74285019236017,118.715464894768,135.44633617592916,131.43644089742685,142.2270842409383,156.51725853711096,162.59102491667883,182.72625526308468,144.203908019713,115.36179079415226,118.51392577208276,186.17801712947173,144.35370561715894
1999-10-01,111.90726447408024,117.85908347540048,120.88830664467912,136.9686241188502,133.76877909233653,147.06922600934348,164.54543690160577,172.06355922248449,195.0742056832804,150.0388534978772,119.15531508940688,117.8432856745851,179.1680806799004,148.89289749114496
2000-01-01,110.76851333284309,117.46357081920247,122.34265229287018,142.38934434765784,136.80403462497836,156.2591254024147,175.3281143853779,182.9703070031332,209.3392837475568,159.50619677972645,122.74809730671024,119.74483959872856,189.3376761463923,154.99738568800714
2000-04-01,117.0876099615017,123.74622810161372,127.66686943017072,147.44891755552842,143.25575204445468,162.58521450014325,184.7104305136559,191.3249817101936,217.38692534076824,166.06699016373747,124.9921212834702,123.72724732847124,204.07548629622204,161.98741630771897
2000-07-01,115.47689810811455,120.05594309854376,124.97583798884637,149.22129581127598,146.92253514515656,163.90907213322976,185.79382648271,193.25545435934887,215.39886745651012,169.54266054071968,125.518436882437,123.42393415222884,202.626567030266,161.45629513259937
2000-10-01,117.08590365134972,124.32355946841372,125.88815042779602,151.86921830556747,146.23126318609343,162.8475928437121,186.432602975377,194.89768548742987,220.6263511425159,164.59080616043465,125.80310618457612,123.24647331869984,206.04504440963055,162.83801992834867
2001-01-01,119.7727129596606,127.76128490098554,131.40888464425987,155.79021901707748,151.7302854260752,171.5058308351796,191.16642399808077,196.60965263947625,221.04233536112048,173.99451068319718,130.99787613234395,122.2396919245583,210.5534872915468,167.52240502586156
2001-04-01,118.09003380802965,132.17968135195815,134.7369613296243,161.3224306786259,156.90644062010662,178.97881909811534,200.71955505186088,210.6283582803039,239.571415963162,181.47607615031484,134.93400310850404,123.96037390159134,220.906846804584,174.82673466110836
2001-07-01,130.7864076595703,133.93067117129257,142.55449535707407,168.16974760773712,163.04071073289435,194.45026103812003,210.42323195465227,214.3613516517496,247.0792952217615,189.5603901534212,137.2413846667885,129.6876752936991,221.6562572885909,181.63122214526464
2001-10-01,130.25804973541798,137.6730814998687,144.53782340494226,174.64501733262117,164.89090928926825,192.4006742451275,215.89638786248923,217.63246674145097,252.1121209396969,193.4133038129872,140.82709249953078,129.08772464979194,213.1561385471585,184.5917659309817
2002-01-01,130.24421872549544,142.9174810440909,147.97753903955,181.35004985267167,173.8205773542684,202.3283524206965,220.17519077764135,222.9202818214575,256.4576467553925,204.4435753823512,144.78720997767195,132.63112835426531,220.03191478446735,190.22374265021853
2002-04-01,144.11579317409627,155.81642066604843,160.06680701790313,198.2713918373671,185.03701078322985,220.710737027148,241.362921122464,240.62154785524135,275.01597307044665,220.47989687502084,156.33784810393357,139.4521189245195,238.75877679514892,206.47196489349628
2002-07-01,155.25020911790955,167.74969229890064,170.67333178160004,215.32748806509167,200.35679647169331,236.6228270130744,260.607885061659,254.6145519526881,294.96136397332793,241.3296741048648,166.02305319958325,148.49803221340224,240.50534669151187,221.0923860535273
2002-10-01,165.59954266495154,186.33220744981963,178.17283808542038,222.8219947144152,214.52545291963497,248.26825224623104,276.38337631925725,273.80261988673016,306.117757463604,253.35838508909333,179.77080129213644,149.8355398620877,246.68501874688496,231.28671106154675
2003-01-01,177.79079244232776,185.10430218339,186.0681871702011,237.63794285238848,224.6690944140604,256.34913592102725,287.4414560998682,275.75411775545905,316.5020899069896,260.792881694352,181.2013469313437,148.6200412844138,250.6356816527724,239.2615966303788
2003-04-01,190.6068868615431,204.9594477164768,199.109204440768,254.3147648586148,229.51985367153293,266.87399347018373,294.9383635306453,283.2612199731391,315.1093980951839,268.5668890919784,199.19705161471805,162.16401380629244,261.07819469248443,250.12155303769129
2003-07-01,204.29160073825224,215.9400890135576,210.993850191236,260.31215440009606,243.3554459416156,271.60162356190807,299.3503541630022,286.85833870539125,318.78502834052586,276.05566481070485,209.13237051533363,169.28055990004168,268.9842817919893,258.85696561690406
2003-10-01,215.4867683846486,226.0112571611656,218.0748340562582,272.2086380110316,250.75009431102893,274.8731953768078,305.38071671130183,290.3477232663511,328.1344090044244,285.3635725870582,226.80546104323108,174.7822217495209,271.96171331795387,267.11957329702665
2004-01-01,236.95174550496608,237.64549567935728,236.90531973783885,283.58107485531326,258.47548429463023,289.1939674613012,316.5257495773187,297.81700580006805,336.31677699932897,295.56171332805087,247.18202382186777,184.1791737350143,281.43474059370584,277.34110564269963
2004-04-01,253.4448095720793,262.791649408624,255.5414821765122,303.663000103032,276.07911557065546,305.27282677000994,331.83659521213696,309.5803992997714,348.2778167911957,314.0344499731541,264.8944787408594,201.74708768032824,298.60142461104414,296.1638874893789
2004-07-01,265.6767219902491,271.9085761377676,269.78610720569293,312.3540095321592,289.1591452309891,315.09714820575226,342.10725813881544,316.1242343446684,355.2300623513298,326.53831254117966,279.2239210810048,209.8715371762359,310.952520752886,306.1776303273306
2004-10-01,264.538601626218,271.907572617822,271.722582794984,313.1067421034703,283.78779387831054,313.3145169839841,337.39994801518486,313.5580761230156,352.9140968004874,322.5412626542965,282.2129608926571,206.45571150854371,320.83340947215373,304.1479361544784
2005-01-01,268.8461863447656,274.4218348504808,272.288981809475,312.6437260247799,286.8670526503927,313.42823434086154,333.3112028985449,312.3291628627039,349.16548688750333,320.222743332924,283.4576466193057,212.53173625440684,318.0103733972284,304.79779205645906
2005-04-01,274.4231543506692,284.52363075953986,278.9825114545608,316.8118704336705,292.80409039571214,317.80811364659195,340.1803924891296,319.8959586830884,360.4969267461415,329.27762489211887,284.5180953508343,222.87912037349477,338.8361757469242,314.181275094584
2005-07-01,272.481850902632,284.3154624560384,282.631980941597,319.27709090090303,292.794487085584,318.63885294332306,341.50291283806934,317.52600783293286,361.32379871142626,327.88728201292736,287.49762385797146,224.7322388487444,346.4883903484373,314.4469644292396
2005-10-01,259.0629045868232,286.277745009401,280.2069975835566,313.1440681558075,286.1471605314472,319.3049285613515,341.3640913390352,316.478090254334,361.32304969717535,330.04250262180625,281.93596753330735,225.6826137386605,363.23699985150495,313.96816712901494
2006-01-01,270.28323750810404,290.09749003034045,286.0383243955908,317.23941965427,293.55567235338424,320.8662751942829,344.7175757330832,321.1519301782535,367.0857049182521,335.42100050149105,292.0188168497977,233.20956263066984,374.04271272031065,319.81665268743166
2006-04-01,277.12569233378434,297.80639208544244,290.08532705200963,323.1526084089481,298.16712076665146,332.7455267502194,354.0690332487055,330.3705374316692,377.4942548433326,340.851483421225,298.0524035034145,246.83713130539684,423.34404685450806,329.2245348705465
2006-07-01,274.68690616286096,302.6461929329961,292.605690072266,330.3469700360189,302.82503595423844,339.86746005666606,359.11222127952607,336.0797544955645,387.83435172239706,346.26383004467687,300.8382476622875,258.90626151444087,462.368741169806,336.0569040761843
2006-10-01,281.2869557516086,307.12651551882374,297.5266298697507,332.8560020839372,302.7097780311651,343.09484979167127,367.70846689254313,344.5429763197613,402.2950498956975,353.5890183068573,306.9516208146139,261.7102426898164,523.6051562032029,343.24776447750264
2007-01-01,283.18621271359245,308.6443118087594,298.8342633872196,336.4715791269699,307.6006922665423,349.2560043425396,375.3024146575764,353.56456891331504,419.7231449847435,363.4619153942891,309.81201928407364,268.5931186536316,589.5047877423104,350.208873365282
2007-04-01,294.44884744766864,316.0366745423039,306.9563184423011,345.1865896400751,315.83510348052084,358.45435503492354,390.8014051159879,365.56062959594453,436.77304478375714,372.42701687005007,320.03781008898653,283.20010002831634,652.0728143470071,362.6895632034681
2007-07-01,294.4709208209721,318.6236174464718,307.8044440730504,346.0953715224808,316.6305048531834,363.208720439813,395.51067363160655,373.2046823805597,451.82419246199726,378.9267739552412,317.32486351379885,290.6071274362867,659.368319772811,367.3186102647534
2007-10-01,291.5555441501318,315.0921549571722,307.8239872460389,342.1629563292598,316.1717260930404,362.77970314021206,394.14835189606026,373.9831750227865,453.69629752770777,376.3353669930193,319.9935831635836,288.1272021671407,650.2468633768409,366.9755430407173
2008-01-01,289.68982580082667,309.1222368818774,298.2679416097523,337.58767694984016,308.2326771483964,355.41060391467727,387.6937284911253,366.3634565753827,443.28891036129176,364.5877015499657,312.87336936188626,285.56577716454734,569.4813220642867,357.8074455022679
2008-04-01,283.89024501265664,297.53159954902526,290.599179493875,325.120877463593,299.6091696286733,340.18793809178715,375.1574319325833,358.2578706129993,426.5537175475105,360.88797198323454,295.6250919578908,285.0074646448838,530.6764170999,348.13508171885945
2008-07-01,269.26709103075115,286.45209553039444,279.6679120755746,312.23644458667246,287.7710019189667,321.8268762896817,352.39662695568444,334.78657774002147,409.4599764010292,335.6060991670333,288.2644004536342,269.98061735941275,462.6883136346021,329.53077928670524
2008-10-01,259.43029602296207,272.190211171754,263.3669219225283,293.55666633368986,271.9233507305581,302.479482042254,333.25985557498194,314.8033444423433,385.3196079032113,320.25075614775966,281.2236404702486,264.8056735155278,427.5848682318477,312.8518625803076
2009-01-01,247.3076964225178,259.52071050893846,252.6884770018241,279.3786087525142,261.14980561535225,284.51148857551345,316.5101963366883,302.5612158019468,362.489143487222,310.39330900494605,256.06231110514005,249.6226411936441,400.6962857550852,298.6514305864864
2009-04-01,245.91141026724503,268.2039671746169,254.87917921566367,287.9918600354579,265.1551838763484,303.0026332044264,333.39845957366526,313.353735059058,383.1294253308409,313.3717189573259,277.3355361829239,256.1325213476779,392.9597285264717,307.34292488889656
2009-07-01,254.01484946604455,274.1282367780988,266.85085375868994,295.4784484852758,274.1977394216662,314.6164794757919,346.5259570719832,327.87456211426536,401.5773016528216,330.29392889998894,278.1578918844911,267.1570743178966,425.76661619160944,319.49698037652814
2009-10-01,254.2405371664069,279.6095586665464,270.56919552571907,301.03380238682496,277.60919713284005,316.12977509454134,351.47659395019133,335.0759504165264,412.3940854096546,332.54995826835744,280.4015664754836,267.49400044662804,398.99670400941824,323.4018189084301
2010-01-01,252.90773458784207,277.4354663920152,265.0979962062948,306.5080167703331,278.43994398044646,320.184771921096,357.39765111942046,339.5191301018693,419.4183669875599,337.95797953217823,283.2353317230367,263.68218614988814,388.8326265321913,324.9395573190884
2010-04-01,260.5964344943715,287.3865587693742,274.2546500848805,313.3863583732291,288.1924461317625,329.87317879678824,370.6676639895472,353.75088985342,433.5463911459557,352.556694094798,290.2888016078391,274.63847407576355,372.66793218652106,336.5739891460028
2010-07-01,256.6044763396857,278.85815565340374,271.35309548831594,312.74931070600013,287.2557282078857,327.42628099580526,370.9464336557236,355.7682231303364,438.5252704866798,351.41487733400226,286.2401802132647,265.5131570325932,378.5424342364767,333.85077496421604
2010-10-01,255.73479832887077,269.4798512361942,265.3853441263159,306.05503050308124,279.34269146381257,326.9513028695156,358.5263902095556,344.2151858777867,422.64027577043754,339.4561236350489,275.19010589032047,261.854006859276,360.9065359491056,325.10784615418123
2011-01-01,249.22616155577808,274.9094124697273,266.3234529095335,305.7075002210248,276.6838945647175,320.65080075221323,353.6323716039737,348.604102583844,428.1827329090694,336.4702979563317,275.8447841713319,258.28879734924766,346.8303219146979,323.92598894715235
2011-04-01,257.6060995211945,281.54970508697465,272.2546795774376,309.95578545311605,280.2911418689388,324.91647286518975,365.4221737228893,352.9704812283252,446.21204155997606,345.1260907909736,287.5834621021008,265.7697059560628,357.3406162595015,332.6733459177652
2011-07-01,255.2393811128,279.741270155173,264.7875566544647,310.44797103703263,283.0136799274528,330.01141522314896,365.1711000994156,360.23067606021283,440.6783269752975,348.5592061311894,286.7480905563018,262.7169712111135,343.3891393463111,332.3401583649395
2011-10-01,253.282102185798,273.8890567536666,262.08374958223413,308.03956676190734,280.2200032483487,331.76155879617266,364.26918451081656,356.5193215002266,445.44617112804127,341.61446559410973,279.43421445493,259.8602514393372,328.6106763972279,328.7253697454584
2012-01-01,251.3390856111724,269.126016464145,260.38786731771347,306.81334281191903,276.42497951427123,324.6191889105532,360.10734738463333,352.0614124222128,438.2152015925833,337.827560136602,267.8161067071451,257.75512218248826,316.891654781081,324.61028338896574
2012-04-01,251.45695384990964,273.67617582591754,261.0747292816644,309.38321409970723,282.0988881780419,329.04960486775315,363.8088201546506,359.4187614114322,451.6947975245822,345.05550796033776,272.27366966136105,259.5461040888268,319.3795035423325,329.064719656158
2012-07-01,255.26949573689208,274.2289002618107,259.4698234950625,306.5142917260192,280.6736545890521,325.0983324712588,367.7816293006297,356.99260449746816,449.8558590933218,345.41531165402176,273.3985498813681,252.09710980243855,311.56123128101126,326.9811019404712
2012-10-01,250.10394720222425,266.92145536930497,257.8766439207502,305.4323877740301,278.0383367599226,325.441168504517,363.6191514904378,355.645915705258,448.6500575243732,342.18714737507,271.83952749225784,251.1858089924828,301.6197622506927,325.01346035275327
2013-01-01,247.31317479248176,267.7854290710562,255.76008475762663,308.14908885604933,277.8232492747627,324.4333902122126,362.80203884644834,357.6337695162859,458.4463970235736,342.1257986148779,274.6084621386718,245.08453924783512,314.1392683871963,325.2761862115482
2013-04-01,253.38641815685347,271.4776395016322,261.7646212088866,313.9516514307846,284.267936714066,340.98383677562583,371.1905793021184,366.4110244664325,475.31729591683415,350.1533878336461,275.56179548867567,256.5521651180389,312.7095456395872,333.7318155118187
2013-07-01,255.8945990659233,280.34051556862994,267.788493168292,321.84891065686315,289.6668613332185,346.429974739074,380.3679524025408,376.76878731213657,494.9213285723298,354.78567939369475,283.2788385330453,257.65909582315766,314.3155696658835,340.96011166656604
2013-10-01,254.8162509877955,286.5541365622204,270.7716144045345,324.1288762337316,295.2874615230855,349.62375751720856,391.1608745914773,386.28029996215514,515.6055719746033,361.78125149139913,288.5503825268218,260.58823164466094,322.8222394122642,347.9952742170352
2014-01-01,262.0070110836471,284.7008851397867,273.4038637333377,330.19449046753937,296.67768688375185,355.11383798141145,399.473766178278,395.3946429680596,541.7642214825158,367.5794598989472,288.9413319255187,263.747218743069,331.1602693928539,355.336492477851
2014-04-01,273.8359589865412,290.5804414269632,280.3222961323327,339.9667161877659,307.5960002209283,373.37632553922526,423.1185556167118,426.48670161582265,598.0850786489625,384.437261648293,301.12842533346225,270.3916875291196,338.83877315717893,372.1332237606458
2014-07-01,267.0160943747027,295.88357563617166,284.0158873570247,346.9108076001459,314.66105446605286,384.6785202193694,430.3919295363406,430.8364207723978,599.0830512004388,387.5900724880433,297.58413282917496,271.18372968098186,346.4505121947659,376.6534332674182
2014-10-01,265.9120666513759,290.89660304944454,281.0214935616886,343.501537579412,315.31185578999015,383.7535890657818,432.53751274474087,435.2439718662588,607.5336467416522,390.7877282118462,292.49252494183366,271.6389008131193,349.0627520271528,377.0349891550224
2015-01-01,274.2581003221173,288.5142376067251,278.9558185627285,349.73657400541856,310.6750092413147,382.8843202196742,432.92014769112046,442.9199449150405,610.5967694632557,388.44976264103553,287.41288183925207,267.16597539057346,350.124039556326,376.16523172525115
2015-04-01,274.0173114123166,300.2052760534531,284.3034442920511,353.9428530662525,318.1252451436837,392.8696887167772,448.29413167499325,455.4584939569902,641.86067479046,399.1586340383778,298.83247758128493,267.7989239524564,365.9545138307652,387.5211177654556
2015-07-01,272.16948377435506,296.71587645867044,282.18918287991886,354.0380462432025,320.6408261982277,393.87501895966943,454.11098710713446,471.56956034263885,662.306313949781,407.3466389374324,303.279596838059,267.58952153986,368.9535890846904,390.4625179380714
2015-10-01,271.77955210281795,292.06491444790817,282.71192810020324,355.9648542648794,320.2625574320839,392.2509535223854,461.47385172621136,482.74940772103145,681.4702966771281,405.7231254427958,294.5397134977206,266.44469271791934,371.6107338219952,393.07856282256034
2016-01-01,271.1180229721874,294.0424420472156,280.4438560153984,357.4726498951,323.32599991389844,404.9669696717803,468.87233479384463,496.9472320751687,681.1045406503346,410.9096543312328,292.2739442114476,266.6528967614808,356.40867357455505,396.1116552506736
2016-04-01,271.227027117305,302.65067887764206,289.458291504679,368.2220431501271,334.45817642136507,414.5369896013247,487.8121798929026,511.9783022199359,705.6015029450259,421.55434589952773,301.46057699551966,269.19623799352263,371.8456114389549,407.4300341979467
2016-07-01,271.5772558145728,307.20573289251746,294.12761776708174,373.0324291587797,335.50160204541857,422.5195046545657,490.59095186278574,516.8355692589448,709.1146279141537,426.1151044914849,301.87208772027446,273.0649038507749,377.68509755301983,411.63484660297473
2016-10-01,272.0353111721918,303.7445301343863,293.11711886368926,373.4831320491907,333.2843165889881,431.8330117056453,493.35406289188774,515.6499743602149,706.6313102525305,423.71241943494647,301.61799297660286,272.34143240048206,374.22736243149535,410.819034033227
2017-01-01,270.0940040076143,301.4207782332202,294.4318640788064,375.11731920131,337.8530085021859,428.163841425406,498.86072186658464,514.9009264739851,715.1590742436969,433.0793957655285,295.80889514074886,274.37749330633915,369.9931797694648,412.2724046059961
2017-04-01,274.12281636836724,309.49447289974484,301.3998960383952,383.37000860742336,346.60371117050573,435.42546038361405,504.7035813123905,522.8745410525116,714.2030741047057,440.233342088645,305.68433259857943,273.8228416805775,385.9805024938892,418.86692202874485
2017-07-01,278.447024332026,308.5465093680557,302.27170577951654,392.19316843581544,351.00728297236026,438.81933519699,509.6304591932169,527.560022388366,704.6709023236783,446.3635332053189,309.71501031465846,278.3005409757338,386.5875367963827,422.2591337603606
2017-10-01,272.58469286567595,309.0866108952228,304.7781541625843,390.77140145847886,350.706380217474,441.8476117373552,508.7317627637628,521.8066496100121,703.418108049915,444.03572057539446,311.6043755259696,279.35978130945824,381.75901578466534,421.7823635085449
2018-01-01,281.11605655119496,313.9223091531485,303.74325351410374,391.8214712163769,354.2847109479007,438.7817198559955,509.12130493705394,524.2104341241143,707.6813967139286,445.49092027758365,313.84658210482377,274.92262403005265,399.0430303579277,422.4995845023696
2018-04-01,278.562585958887,315.8650008032869,310.4494476801864,400.40631896599933,361.5517180272973,446.1068796094144,517.4025036104177,527.4580552475273,700.3154830151814,450.71954162632863,317.96311839282544,282.3762713718074,393.9706826045866,428.0576546213744
2018-07-01,273.7887002212308,326.4333792818053,314.66339329593376,411.13672417837057,365.56095017919625,451.8802464694359,513.9253717005291,525.719013819816,699.86559215017,454.891916649208,319.85633738775,284.2826761610481,403.11693283808586,431.09812227251615
2018-10-01,275.3826664658852,320.6744278546923,311.5432328351384,406.43625252879593,360.87475047606864,450.5436121846437,508.891930068752,514.4953709877212,697.5412371415739,452.79913185535247,324.00780726930617,281.79592521297366,403.76868020385473,427.25948844994593
2019-01-01,283.36029434501546,320.4197456209674,312.60961874016016,401.9618993330741,362.9835515001424,446.45543739432446,503.3911628616592,513.6969082380438,680.522764577904,447.9401204794056,316.5640756612256,281.55174740884075,412.1128055588805,424.2982560239244
2019-04-01,283.57798274783335,325.4484781137124,314.3026374218913,408.2899774630212,371.0226550036928,452.5354428406271,509.0931161535336,517.8418434810906,695.6506991339811,455.509273035534,331.26896936267326,283.5629299800353,414.5971235749574,430.71312504738165
2019-07-01,279.2281191593784,326.7760155655419,322.4065200276515,412.8958821183981,373.1224229864513,459.58142687054976,510.75890288797245,517.8173097296665,688.128874369129,457.1607267208213,329.0958933154108,286.6636752748218,416.6507022831881,432.50014647928697
2019-10-01,282.6800110106336,325.8994613547875,317.09788104895955,408.2171490561753,370.53939784934016,450.9785961189686,503.7486980256366,516.1318918497518,684.6582554501849,460.08948721418017,329.02885105285577,289.60148286659904,407.86525885376193,430.7435394993949
2020-01-01,282.536910712947,334.27856849643155,325.56537156878227,416.6036008939217,372.1585931082517,452.33919990106176,512.051342068737,518.052105371682,687.5018277857312,454.69316312507055,336.780859845956,283.7713413104574,414.87321756878606,434.70508515884745
2020-04-01,283.46326339259275,331.74232593999045,329.4089569639384,414.2209262287975,373.1761945597042,455.75607940142976,519.5783742009437,526.0365737097002,710.1785838718812,465.9347038702461,334.7421876967793,294.8295904033319,414.86967252264486,439.138063204693
2020-07-01,290.890566867438,341.8177735579331,332.2337269832448,429.52002310283376,384.7687055873852,472.0465168574795,535.1281219549173,543.5745465264722,718.2577009063084,482.47447033951073,341.6278117548995,292.2609465258663,422.7227940675707,447.52395095488407
2020-10-01,301.0318700265577,351.0024120127559,342.39204957244647,443.1991238041298,398.1577147847451,479.76786142686046,544.1015420038185,545.0099053422446,726.7788037379681,490.2516845299787,350.762875452634,298.78156201466254,432.0659136280671,458.46023345570063
2021-01-01,302.8192192470472,357.6246510680299,352.2114975077501,441.7775710866276,400.46526082021535,479.73873378255024,548.717541643704,547.0029720352067,720.8261317700308,487.51025068195474,360.94521502745647,303.4553667019976,445.45577153454286,462.1015340157441
2021-04-01,315.2215039132885,374.744060477123,365.23941203021496,464.8166087070352,418.7392238003287,500.1262448745292,576.2830902167456,568.9909664372137,761.6915347843453,514.5157050811525,379.43033954976903,315.8901592861504,473.1176535376193,484.1744385204297
2021-07-01,322.5411981407319,383.8596592846736,370.2619496103485,474.80846930835867,423.0046417033203,513.9636144162608,587.731970347423,580.5669250618006,748.3152851506752,530.0903158779097,393.82983767523126,326.159894140966,483.3207411798036,493.8019852708888
2021-10-01,324.17586812295895,388.7443775263936,380.86768436317686,489.2086155623994,435.41820958184127,529.8429728109554,605.764397202881,593.0864476637687,757.6514031808384,546.4714527413184,406.3430963695964,328.96378762860155,484.40724341657216,504.9288645972401
2022-01-01,334.9549606239644,405.81314408198017,395.77946225268494,501.2554536312165,447.1275235621956,547.9948681651757,619.0327160459356,609.5886508600308,774.2365953487582,557.7614020350666,416.1368876530124,339.79722674124343,494.86527177081376,520.2063127485949
2022-04-01,348.6421114205358,419.0095383655466,413.9247759227694,517.9133198562901,468.28266594358814,571.0975311211985,640.0955998339446,625.650567143218,807.195602017414,589.9901546485651,430.19598503752167,345.7681409245122,525.1054031883405,539.5181665461789
2022-07-01,348.6993023775247,426.2349964660498,412.20234048885953,533.068393132931,473.9468154798746,571.5764136259206,648.7482574104451,628.7545893353716,798.4518448770884,596.291344428515,441.29513777825065,351.6271554139656,532.0766120025896,544.8711600661064
2022-10-01,343.41058285177775,406.5874105839536,403.6917065386828,514.8937296680326,462.1607882759316,564.6794753017517,631.7630606108304,617.9192351816745,788.6754007149746,570.0906469617764,424.73626158736874,339.7600353522825,510.8966309609975,529.0321492716614
2023-01-01,333.37695849833835,399.83465948712495,394.07153769610215,503.7710877052997,453.533650099253,537.8682200326513,609.5295718743549,601.9794631553649,763.7206891087152,560.5690753335348,413.39323979584793,329.0989879543771,501.5124097079637,514.9084530091608
2023-04-01,337.1706896103525,405.63138147834206,397.0651649864113,511.9900793350788,459.2024175882584,544.262350330898,616.6091595610995,607.5790013819583,772.129167740449,566.5390955019384,422.8711067828496,340.57162324166814,528.547604297944,522.6478464258038
2023-07-01,341.56980339345125,403.3596419153656,397.7950657762223,503.6782435682149,462.45948239215113,539.5641272016119,613.7444845624028,600.8396749132197,768.2497684429054,558.9911823022081,417.3008670999432,336.98564632256057,522.555515224469,519.029887066091
2023-10-01,340.5322261978415,404.7065422812948,399.79115032720847,498.3782883467059,449.0051130045043,535.2917025639637,603.5463696412801,595.4387149735267,769.454960509459,553.4257140821221,416.60783983877,341.54856956624013,533.907368042335,516.9858412170478
2024-01-01,347.02430949374207,409.3227275432835,405.527069882148,506.07134545304257,452.6306773637045,531.0913081976645,603.3302953285155,598.1155354798572,775.9863278942508,550.8880876837756,418.2661456842436,341.4338734151377,524.3919727060804,520.2454784183208
2024-04-01,346.8561243098265,420.92195260027967,413.32932392509633,511.11320808886217,465.8022336370192,534.6860702942349,609.6680843287919,604.5242344434581,784.5645156343513,558.1366013297345,428.8341285420802,345.31810478244006,550.4131615941803,528.6675335180691
2024-07-01,352.54668327065224,420.59602178303646,417.63938751794194,512.53716117576,467.1933738294076,535.2963603612768,617.4883276664249,612.3546622103535,783.7244281876192,562.554870556333,427.7243822565265,351.5799865632714,567.4694586028022,531.9145083351187
2024-10-01,360.4915505906191,422.3885642044029,421.9053542412847,520.2277535094971,470.21273277485267,537.7600182988024,617.4338670937404,609.5083910180668,784.9932998760753,568.4990685252985,427.87878118348726,356.43005836050247,571.8065983895497,535.6606770984081
2025-01-01,363.3110952629124,430.7874592592018,429.4224557251874,518.9094379788769,478.7588731407049,542.2018643340774,621.5677621067239,614.943362242116,790.7208340874987,566.053307589932,433.3555793013495,354.7432833002941,595.2352530089177,540.3471953110844
2025-04-01,366.10223184624994,430.4248898767679,430.8689549094961,521.2183218636694,476.7385128971704,540.3719671964174,625.7197297242327,622.0800698753472,795.32142131318,571.5009261453366,439.81983516842206,360.8035170345846,603.5916198712516,544.1042763890792
2025-07-01,370.3858340478118,436.6177404518756,430.9096460430085,526.458615652974,481.2940861551775,541.3023645893147,619.2288416385649,618.2144913795022,788.2180277364139,567.4489475647474,440.625139819614,361.85576574365166,622.2093548231054,544.2397920278912
2025-10-01,368.41650453357,432.0386007770568,436.717400453284,525.3123005164781,481.1283375841375,533.3319337700108,618.0541494796107,617.8294342498713,790.7252661424415,571.2769084276474,441.7295052504063,363.35362918289127,627.4044021587806,544.7550730787716
